Artist Name(s),Track Name,file_name
ACDC,Have a Drink on Me,ACDC - Have a Drink on Me_p.psarc
ACDC,Hells Bells,ACDC - Hells Bells_p.psarc
ACDC,Rock N Roll Train,ACDC - Rock N Roll Train_p.psarc
ACDC,Thunderstruck,ACDC - Thunderstruck_p.psarc
ACDC,You Shook Me All Night Long,ACDC - You Shook Me All Night Long_p.psarc
ACDC,Moneytalks,ACDC - Moneytalks_p.psarc
ACDC,Beating Around The Bush,ACDC - Beating Around The Bush_p.psarc
ACDC,Burnin' Alive,ACDC - Burnin' Alive_p.psarc
ACDC,Can I Sit Next To You Girl,ACDC - Can I Sit Next To You Girl_p.psarc
ACDC,Dirty Deeds Done Dirt Cheap Full Album,ACDC - Dirty Deeds Done Dirt Cheap Full Album_p.psarc
ACDC,Dog Eat Dog,ACDC - Dog Eat Dog_p.psarc
ACDC,Girls Got Rhythm,ACDC - Girls Got Rhythm_p.psarc
ACDC,Gone Shootin,ACDC - Gone Shootin_p.psarc
ACDC,Hell Aint A Bad Place To Be,ACDC - Hell Aint A Bad Place To Be_p.psarc
ACDC,High Voltage,ACDC - High Voltage_p.psarc
ACDC,If You Want Blood (You Got It),ACDC - If You Want Blood (You Got It)_p.psarc
ACDC,Its A Long Way To The Top,ACDC - Its A Long Way To The Top_p.psarc
ACDC,Jailbreak,ACDC - Jailbreak_p.psarc
ACDC,Kicked In The Teeth,ACDC - Kicked In The Teeth_p.psarc
ACDC,Let Me Put My Love Into You,ACDC - Let Me Put My Love Into You_p.psarc
ACDC,Let There Be Rock,ACDC - Let There Be Rock_p.psarc
ACDC,Problem Child,ACDC - Problem Child_p.psarc
ACDC,Ride On,ACDC - Ride On_p.psarc
ACDC,Riff Raff,ACDC - Riff Raff_p.psarc
ACDC,Rock 'n' Roll Singer,ACDC - Rock 'n' Roll Singer_p.psarc
ACDC,Rock And Roll Ain't Noise Pollution,ACDC - Rock And Roll Ain't Noise Pollution_p.psarc
ACDC,Show Business,ACDC - Show Business_p.psarc
ACDC,Sin City,ACDC - Sin City_p.psarc
ACDC,Stiff Upper Lip,ACDC - Stiff Upper Lip_p.psarc
ACDC,The Jack,ACDC - The Jack_p.psarc
ACDC,Touch Too Much,ACDC - Touch Too Much_p.psarc
ACDC,Walk All Over You,ACDC - Walk All Over You_p.psarc
ACDC,What Do You Do For Money Honey,ACDC - What Do You Do For Money Honey_p.psarc
ACDC,Whats Next To The Moon,ACDC - Whats Next To The Moon_p.psarc
ACDC,Who Made Who,ACDC - Who Made Who_p.psarc
ACDC,Whole Lotta Rosie,ACDC - Whole Lotta Rosie_p.psarc
ACDC,Shoot to Thrill,ACDC - Shoot to Thrill_p.psarc
ACDC,Highway to Hell,ACDC - Highway to Hell_p.psarc
ACDC,Shot Down In Flames,ACDC - Shot Down In Flames_p.psarc
ACDC,Up To My Neck In You,ACDC - Up To My Neck In You_p.psarc
ACDC,Love Hungry Man,ACDC - Love Hungry Man_p.psarc
ACDC,TNT,ACDC - TNT_p.psarc
Adele,Easy On Me,Adele - Easy On Me_p.psarc
Adele,Hello,Adele - Hello_p.psarc
Adele,Rolling in the Deep,Adele - Rolling in the Deep_p.psarc
Adele,Set Fire To The Rain,Adele - Set Fire To The Rain_p.psarc
Adele,Skyfall,Adele - Skyfall_p.psarc
Adele,Chasing Pavements,Adele - Chasing Pavements_p.psarc
Aerosmith,Amazing,Aerosmith - Amazing_p.psarc
Aerosmith,Cryin',Aerosmith - Cryin'_p.psarc
Aerosmith,I Dont Want To Miss A Thing,Aerosmith - I Dont Want To Miss A Thing_p.psarc
Aerosmith,Last Child,Aerosmith - Last Child_p.psarc
Aerosmith,Livin' On The Edge,Aerosmith - Livin' On The Edge_p.psarc
Aerosmith,Rag Doll,Aerosmith - Rag Doll_p.psarc
Aerosmith,Back in the Saddle,Aerosmith - Back in the Saddle_p.psarc
Aerosmith,Pink,Aerosmith - Pink_p.psarc
Airbourne,Back In The Game,Airbourne - Back In The Game_p.psarc
Airbourne,Stand Up For Rock N Roll,Airbourne - Stand Up For Rock N Roll_p.psarc
Anderson .Paak,Heart Don't Stand A Chance,Anderson .Paak - Heart Don't Stand A Chance_p.psarc
Anderson .Paak,Put Me Thru,Anderson .Paak - Put Me Thru_p.psarc
Anderson .Paak,Winners Circle,Anderson .Paak - Winners Circle_p.psarc
Anderson Paak,Am I Wrong,Anderson Paak - Am I Wrong_p.psarc
Anderson Paak and Free Nationals,Come Down,Anderson Paak and Free Nationals - Come Down_p.psarc
Anderson .Paak,Come Down,Anderson .Paak - Come Down_p.psarc
Anderson .Paak,Fire In The Sky,Anderson .Paak - Fire In The Sky_p.psarc
Arcade Fire,Ready To Start,Arcade Fire - Ready To Start_p.psarc
Arcade Fire,The Suburbs,Arcade Fire - The Suburbs_p.psarc
Arcade Fire,We Exist,Arcade Fire - We Exist_p.psarc
Arctic Monkeys,505,Arctic Monkeys - 505_p.psarc
Arctic Monkeys,Arabella,Arctic Monkeys - Arabella_p.psarc
Arctic Monkeys,Balaclava,Arctic Monkeys - Balaclava_p.psarc
Arctic Monkeys,Brianstorm,Arctic Monkeys - Brianstorm_p.psarc
Arctic Monkeys,Do I Wanna Know-,Arctic Monkeys - Do I Wanna Know-_p.psarc
Arctic Monkeys,Do Me a Favour,Arctic Monkeys - Do Me a Favour_p.psarc
Arctic Monkeys,Fake Tales Of San Francisco,Arctic Monkeys - Fake Tales Of San Francisco_p.psarc
Arctic Monkeys,Fluorescent Adolescent,Arctic Monkeys - Fluorescent Adolescent_p.psarc
Arctic Monkeys,I Bet You Look Good On The Dancefloor,Arctic Monkeys - I Bet You Look Good On The Dancefloor_p.psarc
Arctic Monkeys,I Wanna Be Yours,Arctic Monkeys - I Wanna Be Yours_p.psarc
Arctic Monkeys,Knee Socks,Arctic Monkeys - Knee Socks_p.psarc
Arctic Monkeys,Library Pictures,Arctic Monkeys - Library Pictures_p.psarc
Arctic Monkeys,Mardy Bum,Arctic Monkeys - Mardy Bum_p.psarc
Arctic Monkeys,Old Yellow Bricks,Arctic Monkeys - Old Yellow Bricks_p.psarc
Arctic Monkeys,One for the Road,Arctic Monkeys - One for the Road_p.psarc
Arctic Monkeys,Perhaps Vampires Is A Bit Strong But,Arctic Monkeys - Perhaps Vampires Is A Bit Strong But_p.psarc
Arctic Monkeys,Piledriver Waltz,Arctic Monkeys - Piledriver Waltz_p.psarc
Arctic Monkeys,Reckless Serenade,Arctic Monkeys - Reckless Serenade_p.psarc
Arctic Monkeys,Red Light Indicates Doors Are Secured,Arctic Monkeys - Red Light Indicates Doors Are Secured_p.psarc
Arctic Monkeys,Riot Van,Arctic Monkeys - Riot Van_p.psarc
Arctic Monkeys,Still Take You Home,Arctic Monkeys - Still Take You Home_p.psarc
Arctic Monkeys,Teddy Picker,Arctic Monkeys - Teddy Picker_p.psarc
Arctic Monkeys,The Hellcat Spangled Shalalala,Arctic Monkeys - The Hellcat Spangled Shalalala_p.psarc
Arctic Monkeys,The View From The Afternoon,Arctic Monkeys - The View From The Afternoon_p.psarc
Arctic Monkeys,This House Is a Circus,Arctic Monkeys - This House Is a Circus_p.psarc
Arctic Monkeys,When the Sun Goes Down,Arctic Monkeys - When the Sun Goes Down_p.psarc
Arctic Monkeys,Why'd You Only Call Me When You're High-,Arctic Monkeys - Why'd You Only Call Me When You're High-_p.psarc
Arctic Monkeys,Don't Sit Down 'Cause I've Moved Your Chair,Arctic Monkeys - Don't Sit Down 'Cause I've Moved Your Chair_p.psarc
Arctic Monkeys,No.1 Party Anthem,Arctic Monkeys - No.1 Party Anthem_p.psarc
Arctic Monkeys,That's Where You're Wrong,Arctic Monkeys - That's Where You're Wrong_p.psarc
Arctic Monkeys,The Bad Thing,Arctic Monkeys - The Bad Thing_p.psarc
Arctic Monkeys,Cornerstone,Arctic Monkeys - Cornerstone_p.psarc
Arctic Monkeys,A Certain Romance,Arctic Monkeys - A Certain Romance_p.psarc
Audioslave,Shadow On The Sun,Audioslave - Shadow On The Sun_p.psarc
Audioslave,What You Are,Audioslave - What You Are_p.psarc
Audioslave,Sound Of A Gun,Audioslave - Sound Of A Gun_p.psarc
Audioslave,Your Time Has Come,Audioslave - Your Time Has Come_p.psarc
Audioslave,Gasoline,Audioslave - Gasoline_p.psarc
Backstreet Boys,Everybody (Backstreet's Back),Backstreet Boys - Everybody (Backstreet's Back)_p.psarc
Bikini Kill,Rebel Girl,Bikini Kill - Rebel Girl_p.psarc
Billie Eilish,bad guy,Billie Eilish - bad guy_p.psarc
Billie Eilish,BIRDS OF A FEATHER,Billie Eilish - BIRDS OF A FEATHER_p.psarc
Billie Eilish,Therefore I Am,Billie Eilish - Therefore I Am_p.psarc
Billy Idol,Dancing With Myself,Billy Idol - Dancing With Myself_p.psarc
Billy Idol,Eyes Without A Face,Billy Idol - Eyes Without A Face_p.psarc
Billy Idol,Rebel Yell,Billy Idol - Rebel Yell_p.psarc
Black Sabbath,IronMan,Black Sabbath - IronMan_p.psarc
Black Sabbath,N.I.B,Black Sabbath - N.I.B_p.psarc
Black Sabbath,Paranoid,Black Sabbath - Paranoid_p.psarc
Black Sabbath,Sabbath Bloody Sabbath,Black Sabbath - Sabbath Bloody Sabbath_p.psarc
Black Sabbath,War Pigs,Black Sabbath - War Pigs_p.psarc
Black Sabbath,Supernaut,Black Sabbath - Supernaut_p.psarc
Blink 182,Aliens Exist,Blink 182 - Aliens Exist_p.psarc
Blink 182,Anthem Part 2,Blink 182 - Anthem Part 2_p.psarc
Blink 182,Down,Blink 182 - Down_p.psarc
Blink 182,Reckless Abandon,Blink 182 - Reckless Abandon_p.psarc
Blink 182,Shut Up,Blink 182 - Shut Up_p.psarc
Blink 182,Story Of A Lonely Guy,Blink 182 - Story Of A Lonely Guy_p.psarc
Blondie,Heart of Glass,Blondie - Heart of Glass_p.psarc
Blondie,One Way Or Another,Blondie - One Way Or Another_p.psarc
Blue Oyster Cult,Joan Crawford,Blue Oyster Cult - Joan Crawford_p.psarc
Blue Oyster Cult,Sole Survivor,Blue Oyster Cult - Sole Survivor_p.psarc
Blue Oyster Cult,Cities on Flame With Rock and Roll,Blue Oyster Cult - Cities on Flame With Rock and Roll_p.psarc
Blue Öyster Cult,This Ain't the Summer of Love,Blue Öyster Cult - This Ain't the Summer of Love_p.psarc
Blue Öyster Cult,Cities On Flame with Rock and Roll,Blue Öyster Cult - Cities On Flame with Rock and Roll_p.psarc
Blur,Beetlebum,Blur - Beetlebum_p.psarc
Blur,Coffee & TV,Blur - Coffee & TV_p.psarc
Blur,Ghost Ship,Blur - Ghost Ship_p.psarc
Blur,Girls & Boys,Blur - Girls & Boys_p.psarc
Blur,Parklife,Blur - Parklife_p.psarc
Blur,There's No Other Way,Blur - There's No Other Way_p.psarc
Bob Dylan,Lay Lady Lay,Bob Dylan - Lay Lady Lay_p.psarc
Bob Dylan,Tangled Up In Blue,Bob Dylan - Tangled Up In Blue_p.psarc
Britney Spears,Baby One More Time,Britney Spears - Baby One More Time_p.psarc
Britney Spears,Oops I Did It Again,Britney Spears - Oops I Did It Again_p.psarc
Britney Spears,Toxic,Britney Spears - Toxic_p.psarc
Britney Spears,Gimme More,Britney Spears - Gimme More_p.psarc
Bruno Mars,24k Magic,Bruno Mars - 24k Magic_p.psarc
Bruno Mars,Locked out of Heaven,Bruno Mars - Locked out of Heaven_p.psarc
Bruno Mars,Thats What I Like,Bruno Mars - Thats What I Like_p.psarc
Mark Ronson,Uptown Funk (feat. Bruno Mars),Mark Ronson - Uptown Funk (feat. Bruno Mars)_p.psarc
Bruno Mars,Treasure,Bruno Mars - Treasure_p.psarc
Bryan Adams,Summer Of '69,Bryan Adams - Summer Of '69_p.psarc
Coldplay,God Put A Smile Upon Your Face,Coldplay - God Put A Smile Upon Your Face_p.psarc
Coldplay,Speed of Sound,Coldplay - Speed of Sound_p.psarc
Coldplay,Talk,Coldplay - Talk_p.psarc
Coldplay,The Hardest Part,Coldplay - The Hardest Part_p.psarc
Creedance Clearwater Revival,Tombstone Shadow,Creedance Clearwater Revival - Tombstone Shadow_p.psarc
Creedence Clearwater Revival,Bad Moon Rising,Creedence Clearwater Revival - Bad Moon Rising_p.psarc
Creedence Clearwater Revival,Green River,Creedence Clearwater Revival - Green River_p.psarc
Creedence Clearwater Revival,Have You Ever Seen The Rain,Creedence Clearwater Revival - Have You Ever Seen The Rain_p.psarc
Creedence Clearwater Revival,I Heard It Through The Grapevine,Creedence Clearwater Revival - I Heard It Through The Grapevine_p.psarc
Creedence Clearwater Revival,I Put A Spell On You,Creedence Clearwater Revival - I Put A Spell On You_p.psarc
Creedence Clearwater Revival,Long As I Can See The Light,Creedence Clearwater Revival - Long As I Can See The Light_p.psarc
Creedence Clearwater Revival,Lookin Out My Back Door,Creedence Clearwater Revival - Lookin Out My Back Door_p.psarc
Creedence Clearwater Revival,Night Time Is The Right Time,Creedence Clearwater Revival - Night Time Is The Right Time_p.psarc
Creedence Clearwater Revival,Suzie Q,Creedence Clearwater Revival - Suzie Q_p.psarc
Creedence Clearwater Revival,Up Around The Bend,Creedence Clearwater Revival - Up Around The Bend_p.psarc
Daft Punk,Around the World,Daft Punk - Around the World_p.psarc
Daft Punk,Fragments of Time (feat. Todd Edwards),Daft Punk - Fragments of Time (feat. Todd Edwards)_p.psarc
Daft Punk,Get Lucky,Daft Punk - Get Lucky_p.psarc
Daft Punk,Giorgio by Moroder,Daft Punk - Giorgio by Moroder_p.psarc
Daft Punk,Give Life Back to Music,Daft Punk - Give Life Back to Music_p.psarc
Daft Punk,Instant Crush,Daft Punk - Instant Crush_p.psarc
Daft Punk,Lose Yourself To Dance,Daft Punk - Lose Yourself To Dance_p.psarc
Daft Punk,One More Time,Daft Punk - One More Time_p.psarc
Daft Punk,Robot Rock,Daft Punk - Robot Rock_p.psarc
Daft Punk,Something About Us,Daft Punk - Something About Us_p.psarc
Daft Punk,Beyond,Daft Punk - Beyond_p.psarc
Daft Punk,The Game of Love,Daft Punk - The Game of Love_p.psarc
David  Bowie,Life On Mars,David  Bowie - Life On Mars_p.psarc
David Bowie,Black Country Rock,David Bowie - Black Country Rock_p.psarc
David Bowie,Fame,David Bowie - Fame_p.psarc
David Bowie,Lady Stardust,David Bowie - Lady Stardust_p.psarc
David Bowie,Rock n Roll Suicide,David Bowie - Rock n Roll Suicide_p.psarc
David Bowie,Soul Love - 2012 Remaster,David Bowie - Soul Love - 2012 Remaster_p.psarc
David Bowie,Starman,David Bowie - Starman_p.psarc
David Bowie Mick Jagger,Dancing In The Street,David Bowie Mick Jagger - Dancing In The Street_p.psarc
Deep Purple,Black Night,Deep Purple - Black Night_p.psarc
Deep Purple,Burn,Deep Purple - Burn_p.psarc
Deep Purple,Lazy,Deep Purple - Lazy_p.psarc
Deep Purple,Space Truckin',Deep Purple - Space Truckin'_p.psarc
Deep Purple,Speed King,Deep Purple - Speed King_p.psarc
Def Leppard,Foolin',Def Leppard - Foolin'_p.psarc
Def Leppard,Photograph,Def Leppard - Photograph_p.psarc
Dire Straits,Money For Nothing,Dire Straits - Money For Nothing_p.psarc
Dire Straits,Sultans of Swing,Dire Straits - Sultans of Swing_p.psarc
Dua Lipa,Break My Heart,Dua Lipa - Break My Heart_p.psarc
Dua Lipa,Cool,Dua Lipa - Cool_p.psarc
Dua Lipa,Don't Start Now,Dua Lipa - Don't Start Now_p.psarc
Dua Lipa,Hallucinate,Dua Lipa - Hallucinate_p.psarc
Dua Lipa,Houdini,Dua Lipa - Houdini_p.psarc
Dua Lipa,IDGAF,Dua Lipa - IDGAF_p.psarc
Dua Lipa,Levitating,Dua Lipa - Levitating_p.psarc
Dua Lipa,Love Again,Dua Lipa - Love Again_p.psarc
Dua Lipa,New Rules,Dua Lipa - New Rules_p.psarc
Dua Lipa,Physical,Dua Lipa - Physical_p.psarc
Dua Lipa,Pretty Please,Dua Lipa - Pretty Please_p.psarc
"Miley Cyrus,Dua Lipa",Prisoner (feat. Dua Lipa),"Miley Cyrus,Dua Lipa - Prisoner (feat. Dua Lipa)_p.psarc"
Eagles,Hotel California - 2013 Remaster,Eagles - Hotel California - 2013 Remaster_p.psarc
Electric Light Orchestra,Last Train to London,Electric Light Orchestra - Last Train to London_p.psarc
Europe,Carrie,Europe - Carrie_p.psarc
Europe,Cherokee,Europe - Cherokee_p.psarc
Europe,Rock the Night,Europe - Rock the Night_p.psarc
Eurythmics,Sweet Dreams,Eurythmics - Sweet Dreams_p.psarc
Fall Out Boy,Beat It Cover,Fall Out Boy - Beat It Cover_p.psarc
Fleetwood Mac,Dont Stop,Fleetwood Mac - Dont Stop_p.psarc
Fleetwood Mac,Dreams,Fleetwood Mac - Dreams_p.psarc
Fleetwood Mac,The Chain,Fleetwood Mac - The Chain_p.psarc
Florence The Machine,Dog Days Are Over,Florence The Machine - Dog Days Are Over_p.psarc
Foals,My Number,Foals - My Number_p.psarc
Foo Fighters,All My Life,Foo Fighters - All My Life_p.psarc
Foo Fighters,Arlandria,Foo Fighters - Arlandria_p.psarc
Foo Fighters,Back Forth,Foo Fighters - Back Forth_p.psarc
Foo Fighters,Breakout,Foo Fighters - Breakout_p.psarc
Foo Fighters,Bridge Burning,Foo Fighters - Bridge Burning_p.psarc
Foo Fighters,But Honestly,Foo Fighters - But Honestly_p.psarc
Foo Fighters,Come Back,Foo Fighters - Come Back_p.psarc
Foo Fighters,End Over End,Foo Fighters - End Over End_p.psarc
Foo Fighters,Feast And The Famine,Foo Fighters - Feast And The Famine_p.psarc
Foo Fighters,Free Me,Foo Fighters - Free Me_p.psarc
Foo Fighters,Hey Johnny Park!,Foo Fighters - Hey Johnny Park!_p.psarc
Foo Fighters,In Your Honor,Foo Fighters - In Your Honor_p.psarc
Foo Fighters,Last Song,Foo Fighters - Last Song_p.psarc
Foo Fighters,Let It Die,Foo Fighters - Let It Die_p.psarc
Foo Fighters,Miss The Misery,Foo Fighters - Miss The Misery_p.psarc
Foo Fighters,No Way Back,Foo Fighters - No Way Back_p.psarc
Foo Fighters,Resolve,Foo Fighters - Resolve_p.psarc
Foo Fighters,Something From Nothing,Foo Fighters - Something From Nothing_p.psarc
Foo Fighters,Stranger Things Have Happened,Foo Fighters - Stranger Things Have Happened_p.psarc
Foo Fighters,These Days,Foo Fighters - These Days_p.psarc
Foo Fighters,White Limo,Foo Fighters - White Limo_p.psarc
Foo Fighters,I'll Stick Around,Foo Fighters - I'll Stick Around_p.psarc
Foo Fighters,This Is a Call,Foo Fighters - This Is a Call_p.psarc
Foo Fighters,The Sky Is A Neighborhood,Foo Fighters - The Sky Is A Neighborhood_p.psarc
Foo Fighters,Big Me,Foo Fighters - Big Me_p.psarc
Foo Fighters,Low,Foo Fighters - Low_p.psarc
Foo Fighters,Wattershed,Foo Fighters - Wattershed_p.psarc
Foreigner,I Want to Know What Love Is - 1999 Remaster,Foreigner - I Want to Know What Love Is - 1999 Remaster_p.psarc
Foreigner,Urgent,Foreigner - Urgent_p.psarc
Foreigner,Waiting for a Girl Like You,Foreigner - Waiting for a Girl Like You_p.psarc
Franz Ferdinand,40,Franz Ferdinand - 40_p.psarc
Franz Ferdinand,Darts Of Pleasure,Franz Ferdinand - Darts Of Pleasure_p.psarc
Franz Ferdinand,Do You Want To,Franz Ferdinand - Do You Want To_p.psarc
Franz Ferdinand,Jacqueline,Franz Ferdinand - Jacqueline_p.psarc
Franz Ferdinand,Michael,Franz Ferdinand - Michael_p.psarc
Franz Ferdinand,No You Girls,Franz Ferdinand - No You Girls_p.psarc
Franz Ferdinand,The Dark of the Matinée,Franz Ferdinand - The Dark of the Matinée_p.psarc
Franz Ferdinand,This Fire,Franz Ferdinand - This Fire_p.psarc
Gary Moore,Parisienne Walkways,Gary Moore - Parisienne Walkways_p.psarc
Good Charlotte,Predictable,Good Charlotte - Predictable_p.psarc
Gorillaz,Clint-Eastwood,Gorillaz - Clint-Eastwood_p.psarc
Gorillaz,Feel Good Inc.,Gorillaz - Feel Good Inc._p.psarc
Gorillaz,On Melancholy Hill,Gorillaz - On Melancholy Hill_p.psarc
Gorillaz,Tomorrow Comes Today,Gorillaz - Tomorrow Comes Today_p.psarc
Green Day,Hitchin' a Ride,Green Day - Hitchin' a Ride_p.psarc
Green Day,Homecoming,Green Day - Homecoming_p.psarc
Green Day,King For A Day,Green Day - King For A Day_p.psarc
Green Day,Letterbomb,Green Day - Letterbomb_p.psarc
Green Day,Nice Guys Finish Last,Green Day - Nice Guys Finish Last_p.psarc
Green Day,Redundant,Green Day - Redundant_p.psarc
Green Day,Shes A Rebel,Green Day - Shes A Rebel_p.psarc
Green Day,She,Green Day - She_p.psarc
Green Day,St Jimmy,Green Day - St Jimmy_p.psarc
Green Day,The Grouch,Green Day - The Grouch_p.psarc
Green Day,Waiting,Green Day - Waiting_p.psarc
Green Day,Whatsername,Green Day - Whatsername_p.psarc
Green Day,Deadbeat Holiday,Green Day - Deadbeat Holiday_p.psarc
Green Day,Minority,Green Day - Minority_p.psarc
Guns N Roses,14 Years,Guns N Roses - 14 Years_p.psarc
Guns N Roses,Back Off Bitch,Guns N Roses - Back Off Bitch_p.psarc
Guns N Roses,Bad Apples,Guns N Roses - Bad Apples_p.psarc
Guns N Roses,Dead Horse,Guns N Roses - Dead Horse_p.psarc
Guns N Roses,Dont Damn Me,Guns N Roses - Dont Damn Me_p.psarc
Guns N Roses,Double Talkin Jive,Guns N Roses - Double Talkin Jive_p.psarc
Guns N Roses,Dust N Bones,Guns N Roses - Dust N Bones_p.psarc
Guns N Roses,Its So Easy,Guns N Roses - Its So Easy_p.psarc
Guns N Roses,Knockin On Heavens Door,Guns N Roses - Knockin On Heavens Door_p.psarc
Guns N Roses,Live And Let Die,Guns N Roses - Live And Let Die_p.psarc
Guns N Roses,Out Ta Get Me,Guns N Roses - Out Ta Get Me_p.psarc
Guns N Roses,Right Next Door To Hell,Guns N Roses - Right Next Door To Hell_p.psarc
Guns N Roses,Rocket Queen,Guns N Roses - Rocket Queen_p.psarc
Guns N Roses,Street Of Dreams,Guns N Roses - Street Of Dreams_p.psarc
Guns N Roses,There Was A Time,Guns N Roses - There Was A Time_p.psarc
Guns N Roses,Think About You,Guns N Roses - Think About You_p.psarc
Guns N Roses,This I Love,Guns N Roses - This I Love_p.psarc
Guns N' Roses,Anything Goes,Guns N' Roses - Anything Goes_p.psarc
Guns N' Roses,Attitude,Guns N' Roses - Attitude_p.psarc
Guns N' Roses,Better,Guns N' Roses - Better_p.psarc
Guns N' Roses,Breakdown,Guns N' Roses - Breakdown_p.psarc
Guns N' Roses,Chinese Democracy,Guns N' Roses - Chinese Democracy_p.psarc
Guns N' Roses,Coma,Guns N' Roses - Coma_p.psarc
Guns N' Roses,Down on the Farm,Guns N' Roses - Down on the Farm_p.psarc
Guns N' Roses,Estranged,Guns N' Roses - Estranged_p.psarc
Guns N' Roses,Hard Skool,Guns N' Roses - Hard Skool_p.psarc
Guns N' Roses,Mr. Brownstone,Guns N' Roses - Mr. Brownstone_p.psarc
Guns N' Roses,Nightrain,Guns N' Roses - Nightrain_p.psarc
Guns N' Roses,November Rain,Guns N' Roses - November Rain_p.psarc
Guns N' Roses,Paradise City,Guns N' Roses - Paradise City_p.psarc
Guns N' Roses,Shadow Of Your Love,Guns N' Roses - Shadow Of Your Love_p.psarc
Guns N' Roses,Shotgun Blues,Guns N' Roses - Shotgun Blues_p.psarc
Guns N' Roses,Since I Don't Have You,Guns N' Roses - Since I Don't Have You_p.psarc
Guns N' Roses,Sweet Child o' Mine,Guns N' Roses - Sweet Child o' Mine_p.psarc
Guns N' Roses,Used to Love Her,Guns N' Roses - Used to Love Her_p.psarc
Guns N' Roses,Welcome To The Jungle,Guns N' Roses - Welcome To The Jungle_p.psarc
Guns N' Roses,You Could Be Mine,Guns N' Roses - You Could Be Mine_p.psarc
Guns N' Roses,You're Crazy,Guns N' Roses - You're Crazy_p.psarc
Guns N' Roses,Civil War,Guns N' Roses - Civil War_p.psarc
Guns N' Roses,Hair Of The Dog,Guns N' Roses - Hair Of The Dog_p.psarc
Guns N' Roses,One In A Million,Guns N' Roses - One In A Million_p.psarc
Guns N' Roses,Patience,Guns N' Roses - Patience_p.psarc
Guns N' Roses,Shackler's Revenge,Guns N' Roses - Shackler's Revenge_p.psarc
Guns N' Roses,ABSUЯD,Guns N' Roses - ABSUЯD_p.psarc
Guns N' Roses,Ain't It Fun,Guns N' Roses - Ain't It Fun_p.psarc
Guns N' Roses,Get In The Ring,Guns N' Roses - Get In The Ring_p.psarc
Daryl Hall & John Oates,Maneater,Daryl Hall & John Oates - Maneater_p.psarc
Harry Styles,Adore You,Harry Styles - Adore You_p.psarc
Harry Styles,As It Was,Harry Styles - As It Was_p.psarc
Harry Styles,Late Night Talking,Harry Styles - Late Night Talking_p.psarc
Harry Styles,Watermelon Sugar,Harry Styles - Watermelon Sugar_p.psarc
Harry Styles,Sign of the Times,Harry Styles - Sign of the Times_p.psarc
Iron Maiden,Iron Maiden,Iron Maiden -  Iron Maiden_p.psarc
Iron Maiden,Phantom Of The Opera,Iron Maiden - Phantom Of The Opera_p.psarc
Iron Maiden,The Evil That Men Do,Iron Maiden - The Evil That Men Do_p.psarc
Iron Maiden,Wasted Years (2),Iron Maiden - Wasted Years (2)_p.psarc
Iron Maiden,Wasted Years,Iron Maiden - Wasted Years_p.psarc
Jack White,Lazaretto,Jack White - Lazaretto_p.psarc
James Brown,Get Up I Feel Like Being A Sex Machine - Pt. 1 - Single Version,James Brown - Get Up I Feel Like Being A Sex Machine - Pt. 1 - Single Version_p.psarc
James Brown,Get Up Offa That Thing,James Brown - Get Up Offa That Thing_p.psarc
James Brown,I Got You I Feel Good,James Brown - I Got You I Feel Good_p.psarc
Jimi Hendrix,All Along the Watchtower,Jimi Hendrix - All Along the Watchtower_p.psarc
Jimi Hendrix,Crosstown Traffic,Jimi Hendrix - Crosstown Traffic_p.psarc
Jimi Hendrix,Spanish Castle Magic,Jimi Hendrix - Spanish Castle Magic_p.psarc
Jimi Hendrix,Hey Joe,Jimi Hendrix - Hey Joe_p.psarc
John Mayer,Belief,John Mayer - Belief_p.psarc
John Mayer,Gravity,John Mayer - Gravity_p.psarc
John Mayer,Helpless,John Mayer - Helpless_p.psarc
John Mayer,I'm Gonna Find Another You,John Mayer - I'm Gonna Find Another You_p.psarc
John Mayer,In Repair,John Mayer - In Repair_p.psarc
John Mayer,Last Train Home,John Mayer - Last Train Home_p.psarc
John Mayer,New Light,John Mayer - New Light_p.psarc
John Mayer,Perfectly Lonely,John Mayer - Perfectly Lonely_p.psarc
John Mayer,Rosie,John Mayer - Rosie_p.psarc
John Mayer,Slow Dancing in a Burning Room,John Mayer - Slow Dancing in a Burning Room_p.psarc
John Mayer,The Heart of Life,John Mayer - The Heart of Life_p.psarc
John Mayer,Vultures,John Mayer - Vultures_p.psarc
John Mayer,Waiting on the World to Change,John Mayer - Waiting on the World to Change_p.psarc
John Mayer,I Dont Trust Myself (With Loving You),John Mayer - I Dont Trust Myself (With Loving You)_p.psarc
John Mayer,Love on the Weekend,John Mayer - Love on the Weekend_p.psarc
John Mayer,Neon,John Mayer - Neon_p.psarc
John Mayer,Stop This Train,John Mayer - Stop This Train_p.psarc
John Mayer,Who Says,John Mayer - Who Says_p.psarc
John Mayer,Bigger Than My Body,John Mayer - Bigger Than My Body_p.psarc
John Mayer,Bold as Love,John Mayer - Bold as Love_p.psarc
John Mayer,Crossroads,John Mayer - Crossroads_p.psarc
John Mayer,Daughters,John Mayer - Daughters_p.psarc
John Mayer,Dreaming With a Broken Heart,John Mayer - Dreaming With a Broken Heart_p.psarc
John Mayer,Edge of Desire,John Mayer - Edge of Desire_p.psarc
Journey,Any Way You Want It,Journey - Any Way You Want It_p.psarc
Journey,Dont Stop Believin,Journey - Dont Stop Believin_p.psarc
Kasabian,Fire,Kasabian - Fire_p.psarc
Kasabian,Club Foot,Kasabian - Club Foot_p.psarc
Keane,Everybody's Changing,Keane - Everybody's Changing_p.psarc
Keane,Somewhere Only We Know,Keane - Somewhere Only We Know_p.psarc
Kendrick Lamar,HUMBLE.,Kendrick Lamar - HUMBLE._p.psarc
Kendrick Lamar,King Kunta,Kendrick Lamar - King Kunta_p.psarc
Kendrick Lamar,Not Like Us,Kendrick Lamar - Not Like Us_p.psarc
Kendrick Lamar,Wesley's Theory,Kendrick Lamar - Wesley's Theory_p.psarc
Kendrick Lamar,PRIDE.,Kendrick Lamar - PRIDE._p.psarc
Keane,Bedshaped v,Keane - Bedshaped v_p.psarc
Keane,Bend And Break,Keane - Bend And Break_p.psarc
Kings of Leon,Closer,Kings of Leon - Closer_p.psarc
Kings Of Leon,Revelry,Kings Of Leon - Revelry_p.psarc
Kings of Leon,Sex on Fire,Kings of Leon - Sex on Fire_p.psarc
Kiss,Cold Gin,Kiss - Cold Gin_p.psarc
Kiss,Crazy Crazy Nights,Kiss - Crazy Crazy Nights_p.psarc
Kiss,Deuce,Kiss - Deuce_p.psarc
Kiss,Shout It Out Loud,Kiss - Shout It Out Loud_p.psarc
Kiss,War Machine,Kiss - War Machine_p.psarc
KISS,Calling Dr. Love,KISS - Calling Dr. Love_p.psarc
Led Zeppelin,Babe I'm Gonna Leave You - 1990 Remaster,Led Zeppelin - Babe I'm Gonna Leave You - 1990 Remaster_p.psarc
Led Zeppelin,Bring It On Home,Led Zeppelin - Bring It On Home_p.psarc
Led Zeppelin,Communication Breakdown - 1990 Remaster,Led Zeppelin - Communication Breakdown - 1990 Remaster_p.psarc
Led Zeppelin,Dancing Days - Remaster,Led Zeppelin - Dancing Days - Remaster_p.psarc
Led Zeppelin,Dazed and Confused - 1990 Remaster,Led Zeppelin - Dazed and Confused - 1990 Remaster_p.psarc
Led Zeppelin,Good Times Bad Times - 1993 Remaster,Led Zeppelin - Good Times Bad Times - 1993 Remaster_p.psarc
Led Zeppelin,Heartbreaker - 1990 Remaster,Led Zeppelin - Heartbreaker - 1990 Remaster_p.psarc
Led Zeppelin,Houses Of The Holy - Remaster,Led Zeppelin - Houses Of The Holy - Remaster_p.psarc
Led Zeppelin,Kashmir,Led Zeppelin - Kashmir_p.psarc
Led Zeppelin,Living Loving Maid (She's Just a Woman),Led Zeppelin - Living Loving Maid (She's Just a Woman)_p.psarc
Led Zeppelin,Misty Mountain Hop - Remaster,Led Zeppelin - Misty Mountain Hop - Remaster_p.psarc
Led Zeppelin,Moby Dick,Led Zeppelin - Moby Dick_p.psarc
Led Zeppelin,No Quarter,Led Zeppelin - No Quarter_p.psarc
Led Zeppelin,Nobodys Fault But Mine,Led Zeppelin - Nobodys Fault But Mine_p.psarc
Led Zeppelin,Over the Hills and Far Away - Remaster,Led Zeppelin - Over the Hills and Far Away - Remaster_p.psarc
Led Zeppelin,Ramble On,Led Zeppelin - Ramble On_p.psarc
Led Zeppelin,Rock and Roll - Remaster,Led Zeppelin - Rock and Roll - Remaster_p.psarc
Led Zeppelin,Since I've Been Loving You - Remaster,Led Zeppelin - Since I've Been Loving You - Remaster_p.psarc
Led Zeppelin,Tangerine - Remaster,Led Zeppelin - Tangerine - Remaster_p.psarc
Led Zeppelin,Ten Years Gone,Led Zeppelin - Ten Years Gone_p.psarc
Led Zeppelin,The Lemon Song - 1993 Remaster,Led Zeppelin - The Lemon Song - 1993 Remaster_p.psarc
Led Zeppelin,The Ocean - Remaster,Led Zeppelin - The Ocean - Remaster_p.psarc
Led Zeppelin,The Rover,Led Zeppelin - The Rover_p.psarc
Led Zeppelin,Trampled Under Foot - Remaster,Led Zeppelin - Trampled Under Foot - Remaster_p.psarc
Led Zeppelin,What Is and What Should Never Be - 1990 Remaster,Led Zeppelin - What Is and What Should Never Be - 1990 Remaster_p.psarc
Led Zeppelin,When the Levee Breaks - Remaster,Led Zeppelin - When the Levee Breaks - Remaster_p.psarc
Lenny Kravitz,Always On The Run,Lenny Kravitz - Always On The Run_p.psarc
Lenny Kravitz,American Woman,Lenny Kravitz - American Woman_p.psarc
Lenny Kravitz,Fly Away,Lenny Kravitz - Fly Away_p.psarc
Lenny Kravitz,It Ain't Over 'til It's Over,Lenny Kravitz - It Ain't Over 'til It's Over_p.psarc
Limp Bizkit,Break Stuff,Limp Bizkit - Break Stuff_p.psarc
Limp Bizkit,My Generation,Limp Bizkit - My Generation_p.psarc
Limp Bizkit,Nookie,Limp Bizkit - Nookie_p.psarc
Limp Bizkit,Rollin (Air Raid Vehicle),Limp Bizkit - Rollin (Air Raid Vehicle)_p.psarc
Limp Bizkit,Take A Look Around,Limp Bizkit - Take A Look Around_p.psarc
Limp Bizkit,My Way,Limp Bizkit - My Way_p.psarc
Limp Bizkit,Behind Blue Eyes,Limp Bizkit - Behind Blue Eyes_p.psarc
Luis Miguel,Ahora Te Puedes Marchar,Luis Miguel - Ahora Te Puedes Marchar_p.psarc
Luis Miguel,Cuando Calienta El Sol,Luis Miguel - Cuando Calienta El Sol_p.psarc
Luis Miguel,Culpable O No Mienteme Como Siempre,Luis Miguel - Culpable O No Mienteme Como Siempre_p.psarc
Luis Miguel,Suave,Luis Miguel - Suave_p.psarc
Måneskin,Beggin',Måneskin - Beggin'_p.psarc
Marilyn Manson,Sweet Dreams,Marilyn Manson - Sweet Dreams_p.psarc
Maroon 5,Goodnight Goodnight,Maroon 5 - Goodnight Goodnight_p.psarc
Maroon 5,Makes Me Wonder,Maroon 5 - Makes Me Wonder_p.psarc
Maroon 5,Must Get Out,Maroon 5 - Must Get Out_p.psarc
Maroon 5,Secret,Maroon 5 - Secret_p.psarc
Maroon 5,Sugar,Maroon 5 - Sugar_p.psarc
Maroon 5,Sunday Morning,Maroon 5 - Sunday Morning_p.psarc
Maroon 5,The Sun,Maroon 5 - The Sun_p.psarc
Maroon 5,Wake Up Call,Maroon 5 - Wake Up Call_p.psarc
Maroon 5,Won't Go Home Without You,Maroon 5 - Won't Go Home Without You_p.psarc
Maroon 5,If I Never See Your Face Again,Maroon 5 - If I Never See Your Face Again_p.psarc
Metallica,Enter Sandman,Metallica - Enter Sandman_p.psarc
Metallica,For Whom The Bell Tolls - Remastered,Metallica - For Whom The Bell Tolls - Remastered_p.psarc
Metallica,Fuel,Metallica - Fuel_p.psarc
Metallica,Master of Puppets,Metallica - Master of Puppets_p.psarc
Metallica,Nothing Else Matters,Metallica - Nothing Else Matters_p.psarc
Metallica,One,Metallica - One_p.psarc
Metallica,Sad but True,Metallica - Sad but True_p.psarc
Metallica,Seek And Destroy,Metallica - Seek And Destroy_p.psarc
Metallica,Whiskey In The Jar,Metallica - Whiskey In The Jar_p.psarc
Metallica,Battery,Metallica - Battery_p.psarc
MGMT,Electric Feel,MGMT - Electric Feel_p.psarc
MGMT,Kids,MGMT - Kids_p.psarc
MGMT,Little Dark Age,MGMT - Little Dark Age_p.psarc
Michael  Jackson,Smooth Criminal,Michael  Jackson - Smooth Criminal_p.psarc
Michael Jackson,Beat It,Michael Jackson - Beat It_p.psarc
Michael Jackson,Billie Jean,Michael Jackson - Billie Jean_p.psarc
Michael Jackson,Don't Stop 'Til You Get Enough,Michael Jackson - Don't Stop 'Til You Get Enough_p.psarc
Michael Jackson,Rock With You,Michael Jackson - Rock With You_p.psarc
Mötley Crüe,Live Wire,Mötley Crüe - Live Wire_p.psarc
Mötley Crüe,Same Ol' Situation (S.O.S.),Mötley Crüe - Same Ol' Situation (S.O.S.)_p.psarc
Mötley Crüe,Wild Side,Mötley Crüe - Wild Side_p.psarc
Mumford and Sons,Ditmas,Mumford and Sons - Ditmas_p.psarc
Muse,Psycho,Muse - Psycho_p.psarc
Muse,Reapers,Muse - Reapers_p.psarc
Muse,Uprising,Muse - Uprising_p.psarc
My Chemical Romance,Cemetery Drive,My Chemical Romance - Cemetery Drive_p.psarc
My Chemical Romance,Give 'Em Hell Kid,My Chemical Romance - Give 'Em Hell Kid_p.psarc
My Chemical Romance,Hang 'Em High,My Chemical Romance - Hang 'Em High_p.psarc
My Chemical Romance,I Never Told You What I Do For A Living,My Chemical Romance - I Never Told You What I Do For A Living_p.psarc
My Chemical Romance,It's Not a Fashion Statement It's a Deathwish,My Chemical Romance - It's Not a Fashion Statement It's a Deathwish_p.psarc
My Chemical Romance,Thank You for the Venom,My Chemical Romance - Thank You for the Venom_p.psarc
My Chemical Romance,The Ghost of You,My Chemical Romance - The Ghost of You_p.psarc
My Chemical Romance,To the End,My Chemical Romance - To the End_p.psarc
My Chemical Romance,You Know What They Do to Guys Like Us in Prison,My Chemical Romance - You Know What They Do to Guys Like Us in Prison_p.psarc
Nirvana,About a Girl,Nirvana - About a Girl_p.psarc
Nirvana,All Apologies,Nirvana - All Apologies_p.psarc
Nirvana,Come As You Are,Nirvana - Come As You Are_p.psarc
Nirvana,Drain You,Nirvana - Drain You_p.psarc
Nirvana,Lithium,Nirvana - Lithium_p.psarc
Nirvana,On A Plain,Nirvana - On A Plain_p.psarc
Nirvana,Polly,Nirvana - Polly_p.psarc
Nirvana,Rape Me,Nirvana - Rape Me_p.psarc
Nirvana,Something in the Way,Nirvana - Something in the Way_p.psarc
NSYNC,Bye Bye Bye,NSYNC - Bye Bye Bye_p.psarc
NSYNC,It's Gonna Be Me,NSYNC - It's Gonna Be Me_p.psarc
Oasis,Cigarettes & Alcohol,Oasis - Cigarettes & Alcohol_p.psarc
Oasis,Hello,Oasis - Hello_p.psarc
Oasis,Morning Glory,Oasis - Morning Glory_p.psarc
Oasis,Rock N Roll Star,Oasis - Rock N Roll Star_p.psarc
Oasis,Roll With It,Oasis - Roll With It_p.psarc
Oasis,Shes Electric,Oasis - Shes Electric_p.psarc
Oasis,Slide Away,Oasis - Slide Away_p.psarc
Oasis,Stand by Me,Oasis - Stand by Me_p.psarc
Oasis,The Shock of the Lightning,Oasis - The Shock of the Lightning_p.psarc
Olivia Rodrigo,good 4 u,Olivia Rodrigo - good 4 u_p.psarc
Ozzy Osbourne,Goodbye To Romance,Ozzy Osbourne -  Goodbye To Romance_p.psarc
Ozzy Osbourne,Road To Nowhere,Ozzy Osbourne -  Road To Nowhere_p.psarc
Ozzy Osbourne,Bark at the Moon,Ozzy Osbourne - Bark at the Moon_p.psarc
Ozzy Osbourne,Believer,Ozzy Osbourne - Believer_p.psarc
Ozzy Osbourne,Breaking All The Rules,Ozzy Osbourne - Breaking All The Rules_p.psarc
Ozzy Osbourne,Crazy Train,Ozzy Osbourne - Crazy Train_p.psarc
Ozzy Osbourne,Desire,Ozzy Osbourne - Desire_p.psarc
Ozzy Osbourne,Diary Of A Madman,Ozzy Osbourne - Diary Of A Madman_p.psarc
Ozzy Osbourne,Flying High Again,Ozzy Osbourne - Flying High Again_p.psarc
Ozzy Osbourne,I Dont Know,Ozzy Osbourne - I Dont Know_p.psarc
Ozzy Osbourne,I Dont Want To Change The World,Ozzy Osbourne - I Dont Want To Change The World_p.psarc
Ozzy Osbourne,Mama I'm Coming Home,Ozzy Osbourne - Mama I'm Coming Home_p.psarc
Ozzy Osbourne,Mr. Crowley,Ozzy Osbourne - Mr. Crowley_p.psarc
Ozzy Osbourne,No More Tears,Ozzy Osbourne - No More Tears_p.psarc
Ozzy Osbourne,Over The Mountain,Ozzy Osbourne - Over The Mountain_p.psarc
Ozzy Osbourne,Perry Mason,Ozzy Osbourne - Perry Mason_p.psarc
Ozzy Osbourne,Suicide Solution,Ozzy Osbourne - Suicide Solution_p.psarc
Ozzy Osbourne,Thunder Underground,Ozzy Osbourne - Thunder Underground_p.psarc
Ozzy Osbourne,Youre No Different,Ozzy Osbourne - Youre No Different_p.psarc
Ozzy Osbourne,Hellraiser,Ozzy Osbourne - Hellraiser_p.psarc
Paramore,All I Wanted,Paramore - All I Wanted_p.psarc
Paramore,Big Man Little Dignity,Paramore - Big Man Little Dignity_p.psarc
Paramore,Brighter,Paramore - Brighter_p.psarc
Paramore,Feeling Sorry,Paramore - Feeling Sorry_p.psarc
Paramore,Last Hope,Paramore - Last Hope_p.psarc
Paramore,Let The Flames Begin,Paramore - Let The Flames Begin_p.psarc
Paramore,Looking Up,Paramore - Looking Up_p.psarc
Paramore,Miracle,Paramore - Miracle_p.psarc
Paramore,My Heart,Paramore - My Heart_p.psarc
Paramore,One Of Those Crazy Girls,Paramore - One Of Those Crazy Girls_p.psarc
Paramore,Proof,Paramore - Proof_p.psarc
Paramore,Thats What You Get,Paramore - Thats What You Get_p.psarc
Paramore,When It Rains,Paramore - When It Rains_p.psarc
Parcels,Gamesofluck,Parcels - Gamesofluck_p.psarc
Parcels,Lightenup,Parcels - Lightenup_p.psarc
Parcels,Overnight,Parcels - Overnight_p.psarc
Parcels,Tieduprightnow,Parcels - Tieduprightnow_p.psarc
Patricio Rey Y Sus Redonditos De Ricota,Ji ji ji,Patricio Rey Y Sus Redonditos De Ricota - Ji ji ji_p.psarc
Patricio Rey Y Sus Redonditos De Ricota,Vencedores Vencidos,Patricio Rey Y Sus Redonditos De Ricota - Vencedores Vencidos_p.psarc
Pearl Jam,Why Go,Pearl Jam - Why Go_p.psarc
Peter Bjorn and John,Young Folks,Peter Bjorn and John - Young Folks_p.psarc
Pink Floyd,Another Brick in the Wall Pt. 2,Pink Floyd - Another Brick in the Wall Pt. 2_p.psarc
Pink Floyd,Comfortably Numb,Pink Floyd - Comfortably Numb_p.psarc
Pink Floyd,Have a Cigar,Pink Floyd - Have a Cigar_p.psarc
Pink Floyd,Money,Pink Floyd - Money_p.psarc
Pink Floyd,Shine On You Crazy Diamond,Pink Floyd - Shine On You Crazy Diamond_p.psarc
Pink Floyd,Time,Pink Floyd - Time_p.psarc
Pink Floyd,Wish You Were Here,Pink Floyd - Wish You Were Here_p.psarc
Pink Floyd,Young Lust,Pink Floyd - Young Lust_p.psarc
Power Rangers,Go Go Power Rangers,Power Rangers - Go Go Power Rangers_p.psarc
Queen,A Kind Of Magic,Queen - A Kind Of Magic_p.psarc
Queen,Flash,Queen - Flash_p.psarc
Queen,Friends Will Be Friends,Queen - Friends Will Be Friends_p.psarc
Queen,One Vision,Queen - One Vision_p.psarc
Queen,The Show Must Go On,Queen - The Show Must Go On_p.psarc
Queens of the Stone Age,Song For The Dead,Queens of the Stone Age - Song For The Dead_p.psarc
Queensrÿche,Walk In The Shadows,Queensrÿche - Walk In The Shadows_p.psarc
Raconteurs,Many Shades Of Black,Raconteurs - Many Shades Of Black_p.psarc
Radiohead,Let Down,Radiohead - Let Down_p.psarc
Radiohead,Lucky,Radiohead - Lucky_p.psarc
Rainbow Kitten Surprise,It's Called- Freefall,Rainbow Kitten Surprise - It's Called- Freefall_p.psarc
Rammstein,Amerika,Rammstein - Amerika_p.psarc
Rammstein,Deutschland,Rammstein - Deutschland_p.psarc
Rammstein,Du hast,Rammstein - Du hast_p.psarc
Rammstein,Mein Herz brennt,Rammstein - Mein Herz brennt_p.psarc
Rammstein,Sonne,Rammstein - Sonne_p.psarc
Ramones,Beat On The Brat,Ramones - Beat On The Brat_p.psarc
Ramones,Cretin Hop,Ramones - Cretin Hop_p.psarc
Ramones,Do You Wanna Dance,Ramones - Do You Wanna Dance_p.psarc
Ramones,Havana Affair,Ramones - Havana Affair_p.psarc
Ramones,I Wanna Be Sedated,Ramones - I Wanna Be Sedated_p.psarc
Ramones,Now I Wanna Sniff Some Glue,Ramones - Now I Wanna Sniff Some Glue_p.psarc
Ramones,Pet Sematary,Ramones - Pet Sematary_p.psarc
Ramones,Rockaway Beach,Ramones - Rockaway Beach_p.psarc
Ramones,Sheena Is A Punk Rocker,Ramones - Sheena Is A Punk Rocker_p.psarc
Ramones,The KKK Took My Baby Away,Ramones - The KKK Took My Baby Away_p.psarc
The Rare Occasions,Notion,The Rare Occasions - Notion_p.psarc
Ratt,Wanted Man,Ratt - Wanted Man_p.psarc
Ratt,You're in Love,Ratt - You're in Love_p.psarc
Ratt,Lovin' You's a Dirty Job,Ratt - Lovin' You's a Dirty Job_p.psarc
Red Hot Chili Peppers,Aeroplane,Red Hot Chili Peppers - Aeroplane_p.psarc
Red Hot Chili Peppers,Around the World,Red Hot Chili Peppers - Around the World_p.psarc
Red Hot Chili Peppers,By the Way,Red Hot Chili Peppers - By the Way_p.psarc
Red Hot Chili Peppers,Californication,Red Hot Chili Peppers - Californication_p.psarc
Red Hot Chili Peppers,Can't Stop,Red Hot Chili Peppers - Can't Stop_p.psarc
Red Hot Chili Peppers,Dani California,Red Hot Chili Peppers - Dani California_p.psarc
Red Hot Chili Peppers,Death Of Martian,Red Hot Chili Peppers - Death Of Martian_p.psarc
Red Hot Chili Peppers,Especially In Michigan,Red Hot Chili Peppers - Especially In Michigan_p.psarc
Red Hot Chili Peppers,Give It Away,Red Hot Chili Peppers - Give It Away_p.psarc
Red Hot Chili Peppers,Hump De Bump,Red Hot Chili Peppers - Hump De Bump_p.psarc
Red Hot Chili Peppers,I Could Have Lied,Red Hot Chili Peppers - I Could Have Lied_p.psarc
Red Hot Chili Peppers,I Like Dirt,Red Hot Chili Peppers - I Like Dirt_p.psarc
Red Hot Chili Peppers,Otherside,Red Hot Chili Peppers - Otherside_p.psarc
Red Hot Chili Peppers,Parallel Universe,Red Hot Chili Peppers - Parallel Universe_p.psarc
Red Hot Chili Peppers,Scar Tissue,Red Hot Chili Peppers - Scar Tissue_p.psarc
Red Hot Chili Peppers,She Looks To Me,Red Hot Chili Peppers - She Looks To Me_p.psarc
Red Hot Chili Peppers,Slow Cheetah,Red Hot Chili Peppers - Slow Cheetah_p.psarc
Red Hot Chili Peppers,Snow (Hey Oh),Red Hot Chili Peppers - Snow (Hey Oh)_p.psarc
Red Hot Chili Peppers,Snow,Red Hot Chili Peppers - Snow_p.psarc
Red Hot Chili Peppers,Stadium Arcadium,Red Hot Chili Peppers - Stadium Arcadium_p.psarc
Red Hot Chili Peppers,Strip My Mind,Red Hot Chili Peppers - Strip My Mind_p.psarc
Red Hot Chili Peppers,Suck My Kiss,Red Hot Chili Peppers - Suck My Kiss_p.psarc
Red Hot Chili Peppers,Tell Me Baby,Red Hot Chili Peppers - Tell Me Baby_p.psarc
Red Hot Chili Peppers,Torture Me,Red Hot Chili Peppers - Torture Me_p.psarc
Red Hot Chili Peppers,Under the Bridge,Red Hot Chili Peppers - Under the Bridge_p.psarc
Red Hot Chili Peppers,Wet Sand,Red Hot Chili Peppers - Wet Sand_p.psarc
Rival Sons,Electric Man,Rival Sons - Electric Man_p.psarc
Rival Sons,Get Whats Coming,Rival Sons - Get Whats Coming_p.psarc
Rival Sons,Keep on Swinging,Rival Sons - Keep on Swinging_p.psarc
Rival Sons,Pressure And Time,Rival Sons - Pressure And Time_p.psarc
Royal Blood,Ten Tonne Skeleton,Royal Blood - Ten Tonne Skeleton_p.psarc
Royal Blood,Loose Change,Royal Blood - Loose Change_p.psarc
Sabrina Carpenter,Espresso,Sabrina Carpenter - Espresso_p.psarc
Sabrina Carpenter,Juno,Sabrina Carpenter - Juno_p.psarc
Sabrina Carpenter,Please Please Please,Sabrina Carpenter - Please Please Please_p.psarc
Scorpions,No One Like You,Scorpions - No One Like You_p.psarc
Scorpions,Rock You Like A Hurricane,Scorpions - Rock You Like A Hurricane_p.psarc
Scorpions,Still Loving You,Scorpions - Still Loving You_p.psarc
Scorpions,Wind Of Change,Scorpions - Wind Of Change_p.psarc
Sex Pistols,Anarchy In The UK,Sex Pistols - Anarchy In The UK_p.psarc
Sex Pistols,EMI,Sex Pistols - EMI_p.psarc
Sex Pistols,God Save The Queen,Sex Pistols - God Save The Queen_p.psarc
Sex Pistols,No Feelings,Sex Pistols - No Feelings_p.psarc
Sex Pistols,Pretty Vacant,Sex Pistols - Pretty Vacant_p.psarc
Sex Pistols,Problems,Sex Pistols - Problems_p.psarc
Bruno Mars Anderson Paak Silk Sonic,777,Bruno Mars Anderson Paak Silk Sonic - 777_p.psarc
Bruno Mars Anderson Paak Silk Sonic,After Last Night,Bruno Mars Anderson Paak Silk Sonic - After Last Night_p.psarc
Bruno Mars Anderson Paak Silk Sonic,Blast Off,Bruno Mars Anderson Paak Silk Sonic - Blast Off_p.psarc
Bruno Mars Anderson Paak Silk Sonic,Fly As Me,Bruno Mars Anderson Paak Silk Sonic - Fly As Me_p.psarc
Bruno Mars Anderson Paak Silk Sonic,Leave The Door Open,Bruno Mars Anderson Paak Silk Sonic - Leave The Door Open_p.psarc
Bruno Mars Anderson Paak Silk Sonic,Skate,Bruno Mars Anderson Paak Silk Sonic - Skate_p.psarc
"Bruno Mars,Anderson .Paak,Silk Sonic",Smokin Out The Window,"Bruno Mars,Anderson .Paak,Silk Sonic - Smokin Out The Window_p.psarc"
Simple Plan,Addicted,Simple Plan - Addicted_p.psarc
Simple Plan,Crazy_v1,Simple Plan - Crazy_v1_p.psarc
Simple Plan,I'm Just a Kid,Simple Plan - I'm Just a Kid_p.psarc
Simple Plan,Jump,Simple Plan - Jump_p.psarc
Simple Plan,Perfect World,Simple Plan - Perfect World_p.psarc
Simple Plan,Perfect,Simple Plan - Perfect_p.psarc
Simple Plan,Shut Up,Simple Plan - Shut Up_p.psarc
Simple Plan,Welcome To My Life,Simple Plan - Welcome To My Life_p.psarc
Slash,30 Years to Life,Slash - 30 Years to Life_p.psarc
Slash,Automatic Overdrive,Slash - Automatic Overdrive_p.psarc
Slash,Avalon,Slash - Avalon_p.psarc
Slash,Bad Rain,Slash - Bad Rain_p.psarc
Slash,Battleground,Slash - Battleground_p.psarc
Slash,By the Sword,Slash - By the Sword_p.psarc
Slash,Crucify the Dead,Slash - Crucify the Dead_p.psarc
Slash,Doctor Alibi,Slash - Doctor Alibi_p.psarc
Slash,Far and Away,Slash - Far and Away_p.psarc
Slash,Ghost,Slash - Ghost_p.psarc
Slash,Gotten,Slash - Gotten_p.psarc
Slash,Halo,Slash - Halo_p.psarc
Slash,I Hold On,Slash - I Hold On_p.psarc
Slash,Nothing To Say,Slash - Nothing To Say_p.psarc
Slash,One Last Thrill,Slash - One Last Thrill_p.psarc
Slash,Promise,Slash - Promise_p.psarc
Slash,Standing in the Sun,Slash - Standing in the Sun_p.psarc
Slash,Wicked Stone,Slash - Wicked Stone_p.psarc
Slash,World on Fire,Slash - World on Fire_p.psarc
"Slash,Fergie",Beautiful Dangerous,"Slash,Fergie - Beautiful Dangerous_p.psarc"
"Slash,Myles Kennedy And The Conspirators",Apocalyptic Love,"Slash,Myles Kennedy And The Conspirators - Apocalyptic Love_p.psarc"
"Slash,Myles Kennedy And The Conspirators",Far And Away,"Slash,Myles Kennedy And The Conspirators - Far And Away_p.psarc"
"Slash,Myles Kennedy And The Conspirators",Hard & Fast,"Slash,Myles Kennedy And The Conspirators - Hard & Fast_p.psarc"
"Slash,Myles Kennedy And The Conspirators",No More Heroes,"Slash,Myles Kennedy And The Conspirators - No More Heroes_p.psarc"
"Slash,Myles Kennedy And The Conspirators",The Unholy,"Slash,Myles Kennedy And The Conspirators - The Unholy_p.psarc"
Slash,Stone Blind,Slash - Stone Blind_p.psarc
Slash,Safari Inn,Slash - Safari Inn_p.psarc
Slash,Shadow Life,Slash - Shadow Life_p.psarc
Slash,The Dissident,Slash - The Dissident_p.psarc
Slash,Too Far Gone,Slash - Too Far Gone_p.psarc
Slash,Beneath the Savage Sun,Slash - Beneath the Savage Sun_p.psarc
Slash,Dirty Girl,Slash - Dirty Girl_p.psarc
Slash,Iris of the Storm,Slash - Iris of the Storm_p.psarc
Slash,Bent To Fly,Slash  - Bent To Fly_p.psarc
Slash's Snakepit,Beggars & Hangers-On,Slash's Snakepit - Beggars & Hangers-On_p.psarc
Slash's Snakepit,Dime Store Rock,Slash's Snakepit - Dime Store Rock_p.psarc
Slash's Snakepit,Shine,Slash's Snakepit - Shine_p.psarc
Slash's Snakepit,Speed Parade,Slash's Snakepit - Speed Parade_p.psarc
Slashs Snakepit,Aint Life Grand,Slashs Snakepit - Aint Life Grand_p.psarc
Slashs Snakepit,Back To The Moment,Slashs Snakepit - Back To The Moment_p.psarc
Slashs Snakepit,Been There Lately,Slashs Snakepit - Been There Lately_p.psarc
Slashs Snakepit,Mean Bone,Slashs Snakepit - Mean Bone_p.psarc
Slipknot,Before I Forget,Slipknot - Before I Forget_p.psarc
Slipknot,Duality,Slipknot - Duality_p.psarc
Slipknot,Psychosocial,Slipknot - Psychosocial_p.psarc
Soda Stereo,De Musica Ligera,Soda Stereo - De Musica Ligera_p.psarc
Soda Stereo,Nada Personal,Soda Stereo - Nada Personal_p.psarc
Soda Stereo,Persiana Americana,Soda Stereo - Persiana Americana_p.psarc
Soda Stereo,Profugos,Soda Stereo - Profugos_p.psarc
Stevie Ray Vaughan,Crossfire,Stevie Ray Vaughan - Crossfire_p.psarc
Stevie Ray Vaughan,Look at Little Sister,Stevie Ray Vaughan - Look at Little Sister_p.psarc
Stevie Ray Vaughan,Mary Had A Little Lamb,Stevie Ray Vaughan - Mary Had A Little Lamb_p.psarc
Stevie Ray Vaughan and Double Troubl,House Is Rockin',Stevie Ray Vaughan and Double Troubl - House Is Rockin'_p.psarc
Stevie Ray Vaughan and Double Trouble,Lenny,Stevie Ray Vaughan and Double Trouble - Lenny_p.psarc
Stevie Ray Vaughan and Double Trouble,Superstition,Stevie Ray Vaughan and Double Trouble - Superstition_p.psarc
Stevie Ray Vaughan and Double Trouble,Tin Pan Alley,Stevie Ray Vaughan and Double Trouble - Tin Pan Alley_p.psarc
Stevie Nicks,Edge Of Seventeen,Stevie Nicks - Edge Of Seventeen_p.psarc
Stone Temple Pilots,Dead & Bloated,Stone Temple Pilots - Dead & Bloated_p.psarc
System Of A Down,Chop Suey,System Of A Down - Chop Suey_p.psarc
System of a Down,Cigaro,System of a Down - Cigaro_p.psarc
System Of A Down,Lost In Hollywood,System Of A Down - Lost In Hollywood_p.psarc
System Of A Down,Question,System Of A Down - Question_p.psarc
System Of A Down,RadioVideo,System Of A Down - RadioVideo_p.psarc
System Of A Down,Revenga,System Of A Down - Revenga_p.psarc
System of a Down,Violent Pornography,System of a Down - Violent Pornography_p.psarc
System Of A Down,Lonely Day,System Of A Down - Lonely Day_p.psarc
Tame Impala,Borderline,Tame Impala - Borderline_p.psarc
Tame Impala,Feels Like We Only Go Backwards,Tame Impala - Feels Like We Only Go Backwards_p.psarc
Tame Impala,The Less I Know the Better,Tame Impala - The Less I Know the Better_p.psarc
Tame Impala,New Person Same Old Mistakes,Tame Impala - New Person Same Old Mistakes_p.psarc
Taylor Swift,Blank Space,Taylor Swift - Blank Space_p.psarc
Taylor Swift,Cruel Summer,Taylor Swift - Cruel Summer_p.psarc
Taylor Swift,Shake It Off,Taylor Swift - Shake It Off_p.psarc
Taylor Swift,Style,Taylor Swift - Style_p.psarc
Taylor Swift,Trouble,Taylor Swift - Trouble_p.psarc
Taylor Swift,You Belong With Me,Taylor Swift - You Belong With Me_p.psarc
The Beatles,A Hard Days Night,The Beatles - A Hard Days Night_p.psarc
The Beatles,Across The Universe,The Beatles - Across The Universe_p.psarc
The Beatles,All My Loving,The Beatles - All My Loving_p.psarc
The Beatles,And I Love Her,The Beatles - And I Love Her_p.psarc
The Beatles,Baby's In Black,The Beatles - Baby's In Black_p.psarc
The Beatles,Back In The USSR,The Beatles - Back In The USSR_p.psarc
The Beatles,Because,The Beatles - Because_p.psarc
The Beatles,Can't Buy Me Love,The Beatles - Can't Buy Me Love_p.psarc
The Beatles,Come Together - Remastered 2009,The Beatles - Come Together - Remastered 2009_p.psarc
The Beatles,Day Tripper,The Beatles - Day Tripper_p.psarc
The Beatles,Dear Prudence,The Beatles - Dear Prudence_p.psarc
The Beatles,Devil In Her Heart,The Beatles - Devil In Her Heart_p.psarc
The Beatles,Dig A Pony,The Beatles - Dig A Pony_p.psarc
The Beatles,Dizzy Miss Lizzy,The Beatles - Dizzy Miss Lizzy_p.psarc
The Beatles,Do You Want To Know A Secret,The Beatles - Do You Want To Know A Secret_p.psarc
The Beatles,Doctor Robert,The Beatles - Doctor Robert_p.psarc
The Beatles,Dont Let Me Down,The Beatles - Dont Let Me Down_p.psarc
The Beatles,Drive My Car,The Beatles - Drive My Car_p.psarc
The Beatles,Eight Days A Week,The Beatles - Eight Days A Week_p.psarc
The Beatles,Eleanor Rigby (2),The Beatles - Eleanor Rigby (2)_p.psarc
The Beatles,Eleanor Rigby,The Beatles - Eleanor Rigby_p.psarc
The Beatles,Get Back,The Beatles - Get Back_p.psarc
The Beatles,Getting-Better,The Beatles - Getting-Better_p.psarc
The Beatles,Girl,The Beatles - Girl_p.psarc
The Beatles,Glass Onion,The Beatles - Glass Onion_p.psarc
The Beatles,Golden Slumbers,The Beatles - Golden Slumbers_p.psarc
The Beatles,Happy Birthday,The Beatles - Happy Birthday_p.psarc
The Beatles,Hello Goodbye,The Beatles - Hello Goodbye_p.psarc
The Beatles,Help,The Beatles - Help_p.psarc
The Beatles,Helter Skelter,The Beatles - Helter Skelter_p.psarc
The Beatles,Here Comes The Sun,The Beatles - Here Comes The Sun_p.psarc
The Beatles,Hey Bulldog,The Beatles - Hey Bulldog_p.psarc
The Beatles,Hey Jude,The Beatles - Hey Jude_p.psarc
The Beatles,I Am The Walrus,The Beatles - I Am The Walrus_p.psarc
The Beatles,I Feel Fine,The Beatles - I Feel Fine_p.psarc
The Beatles,I Me Mine,The Beatles - I Me Mine_p.psarc
The Beatles,I Saw Her Standing There,The Beatles - I Saw Her Standing There_p.psarc
The Beatles,I Want To Hold Your Hand,The Beatles - I Want To Hold Your Hand_p.psarc
The Beatles,I Want You She's So Heavy,The Beatles - I Want You She's So Heavy_p.psarc
The Beatles,I've Got A Feeling,The Beatles - I've Got A Feeling_p.psarc
The Beatles,If I Fell,The Beatles - If I Fell_p.psarc
The Beatles,Im Looking Through You,The Beatles - Im Looking Through You_p.psarc
The Beatles,Im Only Sleeping,The Beatles - Im Only Sleeping_p.psarc
The Beatles,In My Life,The Beatles - In My Life_p.psarc
The Beatles,It Won't Be Long,The Beatles - It Won't Be Long_p.psarc
The Beatles,Lucy In The Sky With Diamonds,The Beatles - Lucy In The Sky With Diamonds_p.psarc
The Beatles,Magical Mystery Tour,The Beatles - Magical Mystery Tour_p.psarc
The Beatles,Martha My Dear,The Beatles - Martha My Dear_p.psarc
The Beatles,Maxwell's Silver Hammer,The Beatles - Maxwell's Silver Hammer_p.psarc
The Beatles,Michelle,The Beatles - Michelle_p.psarc
The Beatles,Norwegian Wood,The Beatles - Norwegian Wood_p.psarc
The Beatles,Nowhere Man,The Beatles - Nowhere Man_p.psarc
The Beatles,Octopus's Garden,The Beatles - Octopus's Garden_p.psarc
The Beatles,Oh! Darling,The Beatles - Oh! Darling_p.psarc
The Beatles,Paperback Writer,The Beatles - Paperback Writer_p.psarc
The Beatles,Penny Lane,The Beatles - Penny Lane_p.psarc
The Beatles,Please Please Me,The Beatles - Please Please Me_p.psarc
The Beatles,Polythene Pam She Came In Through The Bathroom Window,The Beatles - Polythene Pam She Came In Through The Bathroom Window_p.psarc
The Beatles,Revolution,The Beatles - Revolution_p.psarc
The Beatles,Rocky Raccoon,The Beatles - Rocky Raccoon_p.psarc
The Beatles,Roll Over Beethoven,The Beatles - Roll Over Beethoven_p.psarc
The Beatles,Savoy Truffle,The Beatles - Savoy Truffle_p.psarc
The Beatles,Sexy Sadie,The Beatles - Sexy Sadie_p.psarc
The Beatles,Sgt Peppers Lonely Hearts Club Band,The Beatles - Sgt Peppers Lonely Hearts Club Band_p.psarc
The Beatles,Something,The Beatles - Something_p.psarc
The Beatles,Sun-King,The Beatles - Sun-King_p.psarc
The Beatles,Taxman,The Beatles - Taxman_p.psarc
The Beatles,The End,The Beatles - The End_p.psarc
The Beatles,The Word,The Beatles - The Word_p.psarc
The Beatles,Wait,The Beatles - Wait_p.psarc
The Beatles,When Im Sixty Four,The Beatles - When Im Sixty Four_p.psarc
The Beatles,While My Guitar Gently Weeps,The Beatles - While My Guitar Gently Weeps_p.psarc
The Beatles,Yer Blues,The Beatles - Yer Blues_p.psarc
The Beatles,You Never Give Me Your Money,The Beatles - You Never Give Me Your Money_p.psarc
The Beatles,You're Going To Lose That Girl,The Beatles - You're Going To Lose That Girl_p.psarc
The Clash,Clampdown,The Clash - Clampdown_p.psarc
The Clash,Death Or Glory,The Clash - Death Or Glory_p.psarc
The Clash,Four Horsemen,The Clash - Four Horsemen_p.psarc
The Clash,Janie_Jones,The Clash - Janie_Jones_p.psarc
The Clash,Jimmy Jazz,The Clash - Jimmy Jazz_p.psarc
The Clash,Koka Kola,The Clash - Koka Kola_p.psarc
The Clash,Lost in the Supermarket - Remastered,The Clash - Lost in the Supermarket - Remastered_p.psarc
The Clash,Police And Thieves,The Clash - Police And Thieves_p.psarc
The Clash,Police On My Back,The Clash - Police On My Back_p.psarc
The Clash,Rock The Casbah,The Clash - Rock The Casbah_p.psarc
The Clash,Rudie Cant Fail,The Clash - Rudie Cant Fail_p.psarc
The Clash,Spanish Bombs,The Clash - Spanish Bombs_p.psarc
The Clash,The Magnificent Seven,The Clash - The Magnificent Seven_p.psarc
The Clash,Train In Vain,The Clash - Train In Vain_p.psarc
The Cult,Love Removal Machine,The Cult - Love Removal Machine_p.psarc
The Cult,She Sells Sanctuary,The Cult - She Sells Sanctuary_p.psarc
The Doors,Hello I Love You,The Doors - Hello I Love You_p.psarc
The Doors,Peace Frog,The Doors - Peace Frog_p.psarc
The Doors,Soul Kitchen,The Doors - Soul Kitchen_p.psarc
The Doors,Touch Me,The Doors - Touch Me_p.psarc
The Hives,Tick Tick Boom,The Hives - Tick Tick Boom_p.psarc
The Hives,Walk Idiot Walk,The Hives - Walk Idiot Walk_p.psarc
The Killers,All These Things That I've Done,The Killers - All These Things That I've Done_p.psarc
The Killers,Human,The Killers - Human_p.psarc
The Rasmus,Guilty,The Rasmus - Guilty_p.psarc
The Rasmus,In My Life,The Rasmus - In My Life_p.psarc
The Rasmus,In the Shadows,The Rasmus - In the Shadows_p.psarc
The Rasmus,Justify,The Rasmus - Justify_p.psarc
The Rasmus,Livin' In A World Without You,The Rasmus - Livin' In A World Without You_p.psarc
The Rasmus,No Fear,The Rasmus - No Fear_p.psarc
The Rasmus,Not Like the Other Girls,The Rasmus - Not Like the Other Girls_p.psarc
The Rasmus,Still Standing,The Rasmus - Still Standing_p.psarc
The Rasmus,First Day of My Life,The Rasmus - First Day of My Life_p.psarc
The Rolling Stones,Beast Of Burden,The Rolling Stones - Beast Of Burden_p.psarc
The Rolling Stones,Can't You Hear Me Knocking - 2009 Mix,The Rolling Stones - Can't You Hear Me Knocking - 2009 Mix_p.psarc
The Rolling Stones,Dead Flowers - 2009 Mix,The Rolling Stones - Dead Flowers - 2009 Mix_p.psarc
The Rolling Stones,Doo Doo Doo Doo Doo (Heartbreaker),The Rolling Stones - Doo Doo Doo Doo Doo (Heartbreaker)_p.psarc
The Rolling Stones,Doom And Gloom,The Rolling Stones - Doom And Gloom_p.psarc
The Rolling Stones,Let's Spend the Night Together,The Rolling Stones - Let's Spend the Night Together_p.psarc
The Rolling Stones,Miss You - Remastered,The Rolling Stones - Miss You - Remastered_p.psarc
The Rolling Stones,Ruby Tuesday,The Rolling Stones - Ruby Tuesday_p.psarc
The Rolling Stones,She's A Rainbow,The Rolling Stones - She's A Rainbow_p.psarc
The Rolling Stones,Start Me Up,The Rolling Stones - Start Me Up_p.psarc
The Rolling Stones,Under My Thumb,The Rolling Stones - Under My Thumb_p.psarc
The Rolling Stones,Undercover Of The Night,The Rolling Stones - Undercover Of The Night_p.psarc
The Rolling Stones,Honky Tonk Women,The Rolling Stones - Honky Tonk Women_p.psarc
The Rolling Stones,Tumbling Dice,The Rolling Stones - Tumbling Dice_p.psarc
The Rolling Stones,You Can't Always Get What You Want,The Rolling Stones - You Can't Always Get What You Want_p.psarc
The Stone Roses,Fools Gold,The Stone Roses - Fools Gold_p.psarc
The Strokes,Automatic Stop,The Strokes - Automatic Stop_p.psarc
The Strokes,Fear Of Sleep,The Strokes - Fear Of Sleep_p.psarc
The Strokes,Gratisfaction,The Strokes - Gratisfaction_p.psarc
The Strokes,Heart In a Cage,The Strokes - Heart In a Cage_p.psarc
The Strokes,I Can't Win,The Strokes - I Can't Win_p.psarc
The Strokes,Machu Picchu,The Strokes - Machu Picchu_p.psarc
The Strokes,Razorblade,The Strokes - Razorblade_p.psarc
The Strokes,Take It Or Leave It,The Strokes - Take It Or Leave It_p.psarc
The Strokes,The End Has No End,The Strokes - The End Has No End_p.psarc
The Strokes,Welcome to Japan,The Strokes - Welcome to Japan_p.psarc
The Strokes,Hard To Explain,The Strokes - Hard To Explain_p.psarc
The Strokes,Brooklyn Bridge To Chorus,The Strokes - Brooklyn Bridge To Chorus_p.psarc
The Weeknd,Blinding Lights,The Weeknd - Blinding Lights_p.psarc
The Weeknd,In Your Eyes,The Weeknd - In Your Eyes_p.psarc
The Weeknd,Less Than Zero,The Weeknd - Less Than Zero_p.psarc
The Weeknd,Out of Time,The Weeknd - Out of Time_p.psarc
The Weeknd,Sacrifice,The Weeknd - Sacrifice_p.psarc
The Weeknd,Save Your Tears,The Weeknd - Save Your Tears_p.psarc
The Weeknd,Take My Breath,The Weeknd - Take My Breath_p.psarc
The Weeknd,The Hills,The Weeknd - The Hills_p.psarc
The Who,Love Reign O'er Me,The Who - Love Reign O'er Me_p.psarc
The Who,The Real Me,The Who - The Real Me_p.psarc
The Who,Wont Get Fooled Again,The Who - Wont Get Fooled Again_p.psarc
Tom Petty And The Heartbreakers,Dont Do Me Like That,Tom Petty And The Heartbreakers - Dont Do Me Like That_p.psarc
Tom Petty And The Heartbreakers,I Should Have Known It,Tom Petty And The Heartbreakers - I Should Have Known It_p.psarc
Tom Petty And The Heartbreakers,Rockin Around With You,Tom Petty And The Heartbreakers - Rockin Around With You_p.psarc
Tom Petty,Runnin' Down A Dream,Tom Petty - Runnin' Down A Dream_p.psarc
TOOL,Schism,TOOL - Schism_p.psarc
Toto,Africa,Toto - Africa_p.psarc
Twenty One Pilots,Heathens,Twenty One Pilots - Heathens_p.psarc
twenty one pilots,Ride,twenty one pilots - Ride_p.psarc
Van Halen,Ain't Talkin' 'Bout Love - 2015 Remaster,Van Halen - Ain't Talkin' 'Bout Love - 2015 Remaster_p.psarc
Van Halen,Jump,Van Halen - Jump_p.psarc
Van Halen,Panama,Van Halen - Panama_p.psarc
Van Halen,Runnin' with the Devil - 2015 Remaster,Van Halen - Runnin' with the Devil - 2015 Remaster_p.psarc
Van Halen,Unchained,Van Halen - Unchained_p.psarc
Velvet Revolver,Do It For The Kids,Velvet Revolver - Do It For The Kids_p.psarc
Velvet Revolver,Fall to Pieces,Velvet Revolver - Fall to Pieces_p.psarc
Velvet Revolver,Headspace,Velvet Revolver - Headspace_p.psarc
Velvet Revolver,Let It Roll,Velvet Revolver - Let It Roll_p.psarc
Velvet Revolver,Set Me Free,Velvet Revolver - Set Me Free_p.psarc
Velvet Revolver,She Builds Quick Machines,Velvet Revolver - She Builds Quick Machines_p.psarc
Velvet Revolver,Sucker Train Blues,Velvet Revolver - Sucker Train Blues_p.psarc
Velvet Revolver,Superhuman,Velvet Revolver - Superhuman_p.psarc
Whitesnake,Here I Go Again - 2018 Remaster,Whitesnake - Here I Go Again - 2018 Remaster_p.psarc
Yeah Yeah Yeahs,Heads Will Roll,Yeah Yeah Yeahs - Heads Will Roll_p.psarc
ZZ Top,Cheap Sunglasses,ZZ Top - Cheap Sunglasses_p.psarc
ZZ Top,Gimme All Your Lovin',ZZ Top - Gimme All Your Lovin'_p.psarc
ZZ Top,Jesus Just Left Chicago,ZZ Top - Jesus Just Left Chicago_p.psarc
ZZ Top,La Grange,ZZ Top - La Grange_p.psarc
ZZ Top,Legs,ZZ Top - Legs_p.psarc
ZZ Top,Sharp Dressed Man,ZZ Top - Sharp Dressed Man_p.psarc
ZZ Top,Tush,ZZ Top - Tush_p.psarc
ZZ Top,TV Dinners,ZZ Top - TV Dinners_p.psarc
ZZ Top,Waitin' For The Bus,ZZ Top - Waitin' For The Bus_p.psarc
Alter Bridge,Metalingus,Alter Bridge - Metalingus_p.psarc
Black Rebel Motorcycle Club,Spread Your Love,Black Rebel Motorcycle Club - Spread Your Love_p.psarc
Bloc Party,Helicopter,Bloc Party - Helicopter_p.psarc
Bloc Party,Banquet,Bloc Party - Banquet_p.psarc
Bon Jovi,Runaway,Bon Jovi - Runaway_p.psarc
Boston,Smokin',Boston - Smokin'_p.psarc
Caesars,Jerk It Out,Caesars - Jerk It Out_p.psarc
Chickenfoot,Big Foot,Chickenfoot - Big Foot_p.psarc
Chickenfoot,Different Devil,Chickenfoot - Different Devil_p.psarc
Chickenfoot,Oh Yeah,Chickenfoot - Oh Yeah_p.psarc
Chickenfoot,Come Closer,Chickenfoot - Come Closer_p.psarc
Childish Gambino,Redbone,Childish Gambino - Redbone_p.psarc
Cutting Crew,(I Just) Died In Your Arms,Cutting Crew - (I Just) Died In Your Arms_p.psarc
Elton John,I'm Still Standing,Elton John - I'm Still Standing_p.psarc
Hozier,Take Me To Church,Hozier - Take Me To Church_p.psarc
Lizzo,Juice,Lizzo - Juice_p.psarc
Mac DeMarco,Freaking Out the Neighborhood,Mac DeMarco - Freaking Out the Neighborhood_p.psarc
Mac DeMarco,Chamber Of Reflection,Mac DeMarco - Chamber Of Reflection_p.psarc
Mac DeMarco,Still Beating,Mac DeMarco - Still Beating_p.psarc
Motörhead,Overkill,Motörhead - Overkill_p.psarc
Rage Against The Machine,Guerrilla Radio,Rage Against The Machine - Guerrilla Radio_p.psarc
Soundgarden,The Day I Tried to Live,Soundgarden - The Day I Tried to Live_p.psarc
Starship,We Built This City,Starship - We Built This City_p.psarc
Them Crooked Vultures,New Fang,Them Crooked Vultures - New Fang_p.psarc
Them Crooked Vultures,Scumbag Blues,Them Crooked Vultures - Scumbag Blues_p.psarc
Thundercat,Them Changes,Thundercat - Them Changes_p.psarc
T.Rex,Bang a Gong (Get It On),T.Rex - Bang a Gong (Get It On)_p.psarc
Ace Frehley,New York Groove,Ace Frehley - New York Groove_p.psarc
Alan Parsons Project,Sirius Eye in the Sky,Alan Parsons Project - Sirius Eye in the Sky_p.psarc
Alien Ant Farm,Smooth Criminal,Alien Ant Farm - Smooth Criminal_p.psarc
Alt-J,Left Hand Free,Alt-J - Left Hand Free_p.psarc
Band Of Skulls,Asleep at the Wheel,Band Of Skulls - Asleep at the Wheel_p.psarc
Barry White,Never Never Gonna Give Ya Up,Barry White - Never Never Gonna Give Ya Up_p.psarc
Beck,Loser,Beck - Loser_p.psarc
Capital Cities,Safe And Sound,Capital Cities - Safe And Sound_p.psarc
Céline Dion,It's All Coming Back to Me Now,Céline Dion - It's All Coming Back to Me Now_p.psarc
Christina Aguilera,Fighter,Christina Aguilera - Fighter_p.psarc
Death From Above 1979,Trainwreck 1979,Death From Above 1979 - Trainwreck 1979_p.psarc
DNCE,Cake By The Ocean,DNCE - Cake By The Ocean_p.psarc
Dolly Parton,Jolene,Dolly Parton - Jolene_p.psarc
Eminem,Without Me,Eminem - Without Me_p.psarc
Eminem,Lose Yourself,Eminem - Lose Yourself_p.psarc
Empire of the Sun,Walking on a Dream,Empire of the Sun - Walking on a Dream_p.psarc
Empire Of The Sun,Half Mast,Empire Of The Sun - Half Mast_p.psarc
Extreme,Get The Funk Out,Extreme - Get The Funk Out_p.psarc
Faith No More,War Pigs,Faith No More - War Pigs_p.psarc
Frank Ocean,Pink + White,Frank Ocean - Pink + White_p.psarc
Gnarls Barkley,Crazy,Gnarls Barkley - Crazy_p.psarc
George Michael,Careless Whisper,George Michael - Careless Whisper_p.psarc
Ginuwine,Pony,Ginuwine - Pony_p.psarc
Imagine Dragons,Thunder,Imagine Dragons - Thunder_p.psarc
Imagine Dragons,Believer,Imagine Dragons - Believer_p.psarc
INXS,Need You Tonight,INXS - Need You Tonight_p.psarc
Jack Johnson,Better Together,Jack Johnson - Better Together_p.psarc
Jungle,Casio,Jungle - Casio_p.psarc
Justin Timberlake,Rock Your Body,Justin Timberlake - Rock Your Body_p.psarc
Kali Uchis,Telepatía,Kali Uchis - Telepatía_p.psarc
Khruangbin,Time (You and I),Khruangbin - Time (You and I)_p.psarc
Lewis Capaldi,Someone You Loved,Lewis Capaldi - Someone You Loved_p.psarc
Lou Reed,Walk On the Wild Side,Lou Reed - Walk On the Wild Side_p.psarc
Lou Reed,Satellite of Love,Lou Reed - Satellite of Love_p.psarc
Mac Miller,Whats The Use,Mac Miller - Whats The Use_p.psarc
Men I Trust,Lauren,Men I Trust - Lauren_p.psarc
Metronomy,The Look,Metronomy - The Look_p.psarc
Modjo,Lady Hear Me Tonight,Modjo - Lady Hear Me Tonight_p.psarc
Nine Inch Nails,Hurt,Nine Inch Nails - Hurt_p.psarc
No Doubt,Just A Girl,No Doubt - Just A Girl_p.psarc
No Doubt,It's My Life,No Doubt - It's My Life_p.psarc
No Vacation,Yam Yam,No Vacation - Yam Yam_p.psarc
Noel Gallagher's High Flying Birds,The Death of You and Me,Noel Gallagher's High Flying Birds - The Death of You and Me_p.psarc
Player,Baby Come Back,Player - Baby Come Back_p.psarc
Poison,Unskinny Bop,Poison - Unskinny Bop_p.psarc
Quiet Riot,Cum on Feel the Noize,Quiet Riot - Cum on Feel the Noize_p.psarc
Rainbow,Since You Been Gone,Rainbow - Since You Been Gone_p.psarc
Rockwell,Somebody's Watching Me,Rockwell - Somebody's Watching Me_p.psarc
Seether,Hang On,Seether - Hang On_p.psarc
Starsailor,Four to the Floor,Starsailor - Four to the Floor_p.psarc
Steve Lacy,Some,Steve Lacy - Some_p.psarc
Steve Lacy,Dark-Red,Steve Lacy - Dark-Red_p.psarc
Ted Nugent,Cat Scratch Fever,Ted Nugent - Cat Scratch Fever_p.psarc
Temple Of The Dog,Your Savior,Temple Of The Dog - Your Savior_p.psarc
The Presidents Of The United States Of America,Lump,The Presidents Of The United States Of America - Lump_p.psarc
The Temperance Movement,Only Friend,The Temperance Movement - Only Friend_p.psarc
Tyler The Creator,Earfquake,Tyler The Creator - Earfquake_p.psarc
Unknown Mortal Orchestra,Hunnybee,Unknown Mortal Orchestra - Hunnybee_p.psarc
Wham!,Wake Me Up Before You Go-Go,Wham! - Wake Me Up Before You Go-Go_p.psarc
White Lion,Radar Love,White Lion - Radar Love_p.psarc
Arctic Monkeys,R U Mine,Arctic Monkeys - R U Mine_p.psarc
Queen,Somebody To Love,Queen - Somebody To Love_p.psarc
My Chemical Romance,I'm Not Okay (I Promise),My Chemical Romance - I'm Not Okay (I Promise)_p.psarc
My Chemical Romance,Helena,My Chemical Romance - Helena_p.psarc
My Chemical Romance,Teenagers,My Chemical Romance - Teenagers_p.psarc
Maroon 5,She Will Be Loved,Maroon 5 - She Will Be Loved_p.psarc
Maroon 5,Harder To Breathe,Maroon 5 - Harder To Breathe_p.psarc
Maroon 5,This Love,Maroon 5 - This Love_p.psarc
Foo Fighters,Long Road To Ruin,Foo Fighters - Long Road To Ruin_p.psarc
Foo Fighters,Times Like These,Foo Fighters - Times Like These_p.psarc
Foo Fighters,Rope,Foo Fighters - Rope_p.psarc
Foo Fighters,Learn to Fly,Foo Fighters - Learn to Fly_p.psarc
Foo Fighters,My Hero,Foo Fighters - My Hero_p.psarc
Foo Fighters,Walk,Foo Fighters - Walk_p.psarc
Foo Fighters,Everlong,Foo Fighters - Everlong_p.psarc
Foo Fighters,Monkey Wrench,Foo Fighters - Monkey Wrench_p.psarc
Foo Fighters,The Pretender,Foo Fighters - The Pretender_p.psarc
Foo Fighters,Best of You,Foo Fighters - Best of You_p.psarc
Slash,Back From Cali,Slash - Back From Cali_p.psarc
The Who,Pinball Wizard,The Who - Pinball Wizard_p.psarc
The Who,Who Are You,The Who - Who Are You_p.psarc
The Who,Baba O'Riley,The Who - Baba O'Riley_p.psarc
The Who,Behind Blue Eyes,The Who - Behind Blue Eyes_p.psarc
System Of A Down,B.Y.O.B.,System Of A Down - B.Y.O.B._p.psarc
System Of A Down,Aerials,System Of A Down - Aerials_p.psarc
The Doors,Love Me Two Times,The Doors - Love Me Two Times_p.psarc
The Doors,Roadhouse Blues,The Doors - Roadhouse Blues_p.psarc
The Doors,People Are Strange,The Doors - People Are Strange_p.psarc
The Doors,Light My Fire,The Doors - Light My Fire_p.psarc
The Doors,Riders on the Storm,The Doors - Riders on the Storm_p.psarc
The Doors,Break on Through (To the Other Side),The Doors - Break on Through (To the Other Side)_p.psarc
The Rolling Stones,Gimme Shelter,The Rolling Stones - Gimme Shelter_p.psarc
The Rolling Stones,You Can't Always Get What You Want,The Rolling Stones - You Can't Always Get What You Want_p.psarc
The Rolling Stones,"Paint It, Black","The Rolling Stones - Paint It, Black_p.psarc"
The Rolling Stones,Jumpin' Jack Flash,The Rolling Stones - Jumpin' Jack Flash_p.psarc
The Rolling Stones,Sweet Virginia,The Rolling Stones - Sweet Virginia_p.psarc
Velvet Revolver,Slither,Velvet Revolver - Slither_p.psarc
Audioslave,I Am the Highway,Audioslave - I Am the Highway_p.psarc
Audioslave,Cochise,Audioslave - Cochise_p.psarc
Audioslave,Be Yourself,Audioslave - Be Yourself_p.psarc
Audioslave,Like a Stone,Audioslave - Like a Stone_p.psarc
Audioslave,Show Me How to Live,Audioslave - Show Me How to Live_p.psarc
Radiohead,Paranoid Android,Radiohead - Paranoid Android_p.psarc
Radiohead,Fake Plastic Trees,Radiohead - Fake Plastic Trees_p.psarc
Radiohead,Karma Police,Radiohead - Karma Police_p.psarc
Radiohead,No Surprises,Radiohead - No Surprises_p.psarc
Radiohead,Creep,Radiohead - Creep_p.psarc
Radiohead,My Iron Lung,Radiohead - My Iron Lung_p.psarc
Radiohead,Just,Radiohead - Just_p.psarc
Radiohead,High and Dry,Radiohead - High and Dry_p.psarc
Jimi Hendrix,Purple Haze,Jimi Hendrix - Purple Haze_p.psarc
Jimi Hendrix,Bold as Love,Jimi Hendrix - Bold as Love_p.psarc
Jimi Hendrix,The Wind Cries Mary,Jimi Hendrix - The Wind Cries Mary_p.psarc
Jimi Hendrix,Castles Made of Sand,Jimi Hendrix - Castles Made of Sand_p.psarc
Jimi Hendrix,Foxey Lady,Jimi Hendrix - Foxey Lady_p.psarc
Jimi Hendrix,Little Wing,Jimi Hendrix - Little Wing_p.psarc
Jimi Hendrix,Voodoo Child (Slight Return),Jimi Hendrix - Voodoo Child (Slight Return)_p.psarc
The Police,Roxanne,The Police - Roxanne_p.psarc
The Police,Every Breath You Take,The Police - Every Breath You Take_p.psarc
Oasis,Live Forever,Oasis - Live Forever_p.psarc
Nirvana,Breed,Nirvana - Breed_p.psarc
Nirvana,In Bloom,Nirvana - In Bloom_p.psarc
Nirvana,Smells Like Teen Spirit,Nirvana - Smells Like Teen Spirit_p.psarc
Aerosmith,Dream On,Aerosmith - Dream On_p.psarc
Aerosmith,Same Old Song and Dance,Aerosmith - Same Old Song and Dance_p.psarc
Aerosmith,Walk This Way,Aerosmith - Walk This Way_p.psarc
Aerosmith,Sweet Emotion,Aerosmith - Sweet Emotion_p.psarc
Mötley Crüe,Kickstart My Heart,Mötley Crüe - Kickstart My Heart_p.psarc
The Killers,Somebody Told Me,The Killers - Somebody Told Me_p.psarc
Mötley Crüe,Home Sweet Home,Mötley Crüe - Home Sweet Home_p.psarc
The Killers,Mr. Brightside,The Killers - Mr. Brightside_p.psarc
The Killers,When You Were Young,The Killers - When You Were Young_p.psarc
The Clash,I Fought the Law,The Clash - I Fought the Law_p.psarc
The Cure,Just Like Heaven,The Cure - Just Like Heaven_p.psarc
The Cure,Boys Don't Cry,The Cure - Boys Don't Cry_p.psarc
The Cure,Friday I'm In Love,The Cure - Friday I'm In Love_p.psarc
Green Day,Jesus of Suburbia,Green Day - Jesus of Suburbia_p.psarc
Green Day,Boulevard of Broken Dreams,Green Day - Boulevard of Broken Dreams_p.psarc
KISS,Detroit Rock City,KISS - Detroit Rock City_p.psarc
KISS,Rock And Roll All Nite,KISS - Rock And Roll All Nite_p.psarc
Green Day,Good Riddance (Time of Your Life),Green Day - Good Riddance (Time of Your Life)_p.psarc
Green Day,Basket Case,Green Day - Basket Case_p.psarc
Green Day,Welcome to Paradise,Green Day - Welcome to Paradise_p.psarc
KISS,Strutter,KISS - Strutter_p.psarc
Green Day,Wake Me up When September Ends,Green Day - Wake Me up When September Ends_p.psarc
Green Day,21 Guns,Green Day - 21 Guns_p.psarc
Green Day,When I Come Around,Green Day - When I Come Around_p.psarc
KISS,Heaven's On Fire,KISS - Heaven's On Fire_p.psarc
Green Day,Longview,Green Day - Longview_p.psarc
Bon Jovi,Wanted Dead Or Alive,Bon Jovi - Wanted Dead Or Alive_p.psarc
Pantera,Domination,Pantera - Domination_p.psarc
The Strokes,Someday,The Strokes - Someday_p.psarc
The Strokes,You Only Live Once,The Strokes - You Only Live Once_p.psarc
The Strokes,Reptilia,The Strokes - Reptilia_p.psarc
The Strokes,Last Nite,The Strokes - Last Nite_p.psarc
Bon Jovi,You Give Love A Bad Name,Bon Jovi - You Give Love A Bad Name_p.psarc
Pantera,Walk,Pantera - Walk_p.psarc
Bon Jovi,Livin' On A Prayer,Bon Jovi - Livin' On A Prayer_p.psarc
Bon Jovi,It's My Life,Bon Jovi - It's My Life_p.psarc
The Strokes,Under Cover of Darkness,The Strokes - Under Cover of Darkness_p.psarc
Pantera,Cemetery Gates,Pantera - Cemetery Gates_p.psarc
blink-182,Always,blink-182 - Always_p.psarc
blink-182,Feeling This,blink-182 - Feeling This_p.psarc
blink-182,All The Small Things,blink-182 - All The Small Things_p.psarc
blink-182,Stay Together For The Kids,blink-182 - Stay Together For The Kids_p.psarc
blink-182,The Rock Show,blink-182 - The Rock Show_p.psarc
blink-182,I Miss You,blink-182 - I Miss You_p.psarc
blink-182,Adam's Song,blink-182 - Adam's Song_p.psarc
blink-182,Dammit,blink-182 - Dammit_p.psarc
blink-182,What's My Age Again,blink-182 - What's My Age Again_p.psarc
Sum 41,In Too Deep,Sum 41 - In Too Deep_p.psarc
Taylor Swift,Bad Blood,Taylor Swift - Bad Blood_p.psarc
The Offspring,Come Out and Play,The Offspring - Come Out and Play_p.psarc
The Offspring,Pretty Fly (For A White Guy),The Offspring - Pretty Fly (For A White Guy)_p.psarc
Disturbed,Down with the Sickness,Disturbed - Down with the Sickness_p.psarc
Sum 41,Fat Lip,Sum 41 - Fat Lip_p.psarc
Sum 41,Still Waiting,Sum 41 - Still Waiting_p.psarc
The Offspring,The Kids Aren't Alright,The Offspring - The Kids Aren't Alright_p.psarc
Creedence Clearwater Revival,Fortunate Son,Creedence Clearwater Revival - Fortunate Son_p.psarc
Disturbed,Stricken,Disturbed - Stricken_p.psarc
Imagine Dragons,Radioactive,Imagine Dragons - Radioactive_p.psarc
Imagine Dragons,Demons,Imagine Dragons - Demons_p.psarc
Soundgarden,Fell On Black Days,Soundgarden - Fell On Black Days_p.psarc
Alice In Chains,Man in the Box,Alice In Chains - Man in the Box_p.psarc
Soundgarden,Spoonman,Soundgarden - Spoonman_p.psarc
Soundgarden,Black Hole Sun,Soundgarden - Black Hole Sun_p.psarc
Blur,Song 2,Blur - Song 2_p.psarc
Linkin Park,What I've Done,Linkin Park - What I've Done_p.psarc
Coldplay,In My Place,Coldplay - In My Place_p.psarc
Foreigner,Juke Box Hero,Foreigner - Juke Box Hero_p.psarc
Coldplay,Yellow,Coldplay - Yellow_p.psarc
Coldplay,The Scientist,Coldplay - The Scientist_p.psarc
Coldplay,Shiver,Coldplay - Shiver_p.psarc
Coldplay,Paradise,Coldplay - Paradise_p.psarc
Foreigner,Hot Blooded,Foreigner - Hot Blooded_p.psarc
Coldplay,Fix You,Coldplay - Fix You_p.psarc
Billy Idol,White Wedding,Billy Idol - White Wedding_p.psarc
Linkin Park,One Step Closer,Linkin Park - One Step Closer_p.psarc
Ratt,Round and Round,Ratt - Round and Round_p.psarc
Linkin Park,In the End,Linkin Park - In the End_p.psarc
Ratt,Lay It Down,Ratt - Lay It Down_p.psarc
Foreigner,Cold as Ice,Foreigner - Cold as Ice_p.psarc
Rob Zombie,Dragula,Rob Zombie - Dragula_p.psarc
Linkin Park,Numb,Linkin Park - Numb_p.psarc
Coldplay,Clocks,Coldplay - Clocks_p.psarc
Franz Ferdinand,Take Me Out,Franz Ferdinand - Take Me Out_p.psarc
No Doubt,Don't Speak,No Doubt - Don't Speak_p.psarc
Kings of Leon,Use Somebody,Kings of Leon - Use Somebody_p.psarc
Blue Öyster Cult,Godzilla,Blue Öyster Cult - Godzilla_p.psarc
Lynyrd Skynyrd,Simple Man,Lynyrd Skynyrd - Simple Man_p.psarc
Collective Soul,Shine,Collective Soul - Shine_p.psarc
Lynyrd Skynyrd,Free Bird,Lynyrd Skynyrd - Free Bird_p.psarc
Blue Öyster Cult,Burnin' for You,Blue Öyster Cult - Burnin' for You_p.psarc
Stone Temple Pilots,Plush,Stone Temple Pilots - Plush_p.psarc
"Earth, Wind & Fire",September,"Earth, Wind & Fire - September_p.psarc"
Blue Öyster Cult,(Don't Fear) The Reaper,Blue Öyster Cult - (Don't Fear) The Reaper_p.psarc
Lenny Kravitz,Are You Gonna Go My Way,Lenny Kravitz - Are You Gonna Go My Way_p.psarc
Skid Row,Youth Gone Wild,Skid Row - Youth Gone Wild_p.psarc
Skid Row,18 and Life,Skid Row - 18 and Life_p.psarc
Seether,Careless Whisper,Seether - Careless Whisper_p.psarc
The White Stripes,The Hardest Button to Button,The White Stripes - The Hardest Button to Button_p.psarc
The White Stripes,Fell In Love With a Girl,The White Stripes - Fell In Love With a Girl_p.psarc
The White Stripes,Blue Orchid,The White Stripes - Blue Orchid_p.psarc
The White Stripes,Seven Nation Army,The White Stripes - Seven Nation Army_p.psarc
Tame Impala,Elephant,Tame Impala - Elephant_p.psarc
Rage Against The Machine,Killing In The Name,Rage Against The Machine - Killing In The Name_p.psarc
Muse,Hysteria,Muse - Hysteria_p.psarc
Marilyn Manson,The Beautiful People,Marilyn Manson - The Beautiful People_p.psarc
Sublime,Santeria,Sublime - Santeria_p.psarc
Duran Duran,Ordinary World,Duran Duran - Ordinary World_p.psarc
Rage Against The Machine,Bulls On Parade,Rage Against The Machine - Bulls On Parade_p.psarc
The Black Keys,Tighten Up,The Black Keys - Tighten Up_p.psarc
Kansas,Carry on Wayward Son,Kansas - Carry on Wayward Son_p.psarc
Lady Gaga,Bad Romance,Lady Gaga - Bad Romance_p.psarc
Megadeth,Symphony Of Destruction,Megadeth - Symphony Of Destruction_p.psarc
Poison,Talk Dirty To Me,Poison - Talk Dirty To Me_p.psarc
Godsmack,I Stand Alone,Godsmack - I Stand Alone_p.psarc
The Hives,Hate To Say I Told You So,The Hives - Hate To Say I Told You So_p.psarc
Motörhead,Ace of Spades,Motörhead - Ace of Spades_p.psarc
Living Colour,Cult of Personality,Living Colour - Cult of Personality_p.psarc
a-ha,Take on Me,a-ha - Take on Me_p.psarc
Pearl Jam,Even Flow,Pearl Jam - Even Flow_p.psarc
Pearl Jam,Alive,Pearl Jam - Alive_p.psarc
Rush,Limelight,Rush - Limelight_p.psarc
Beastie Boys,No Sleep Till Brooklyn,Beastie Boys - No Sleep Till Brooklyn_p.psarc
Rush,Tom Sawyer,Rush - Tom Sawyer_p.psarc
Pearl Jam,Jeremy,Pearl Jam - Jeremy_p.psarc
TOTO,Rosanna,TOTO - Rosanna_p.psarc
Boston,Peace of Mind,Boston - Peace of Mind_p.psarc
TOTO,Hold the Line,TOTO - Hold the Line_p.psarc
Beastie Boys,Fight For Your Right,Beastie Boys - Fight For Your Right_p.psarc
Beastie Boys,Sabotage,Beastie Boys - Sabotage_p.psarc
Royal Blood,Little Monster,Royal Blood - Little Monster_p.psarc
Royal Blood,Figure It Out,Royal Blood - Figure It Out_p.psarc
Pearl Jam,Black,Pearl Jam - Black_p.psarc
Ram Jam,Black Betty,Ram Jam - Black Betty_p.psarc
Papa Roach,Last Resort,Papa Roach - Last Resort_p.psarc
Boston,More Than a Feeling,Boston - More Than a Feeling_p.psarc
Drowning Pool,Bodies,Drowning Pool - Bodies_p.psarc
Heart,Barracuda,Heart - Barracuda_p.psarc
R.E.M.,Losing My Religion,R.E.M. - Losing My Religion_p.psarc
Heart,Crazy On You,Heart - Crazy On You_p.psarc
The Stone Roses,Love Spreads,The Stone Roses - Love Spreads_p.psarc
Evanescence,Bring Me To Life,Evanescence - Bring Me To Life_p.psarc
R.E.M.,Everybody Hurts,R.E.M. - Everybody Hurts_p.psarc
The Vines,Get Free,The Vines - Get Free_p.psarc
Evanescence,Going Under,Evanescence - Going Under_p.psarc
Creed,One Last Breath,Creed - One Last Breath_p.psarc
Judas Priest,Breaking the Law,Judas Priest - Breaking the Law_p.psarc
Nickelback,How You Remind Me,Nickelback - How You Remind Me_p.psarc
Judas Priest,Painkiller,Judas Priest - Painkiller_p.psarc
Judas Priest,Living After Midnight,Judas Priest - Living After Midnight_p.psarc
Ted Nugent,Stranglehold,Ted Nugent - Stranglehold_p.psarc
Tears For Fears,Everybody Wants To Rule The World,Tears For Fears - Everybody Wants To Rule The World_p.psarc
Tom Petty and the Heartbreakers,American Girl,Tom Petty and the Heartbreakers - American Girl_p.psarc
Alice Cooper,School's Out,Alice Cooper - School's Out_p.psarc
Alice Cooper,Poison,Alice Cooper - Poison_p.psarc
Blondie,Call Me,Blondie - Call Me_p.psarc
Outkast,Hey Ya!,Outkast - Hey Ya!_p.psarc
Avril Lavigne,Sk8er Boi,Avril Lavigne - Sk8er Boi_p.psarc
Kaiser Chiefs,Ruby,Kaiser Chiefs - Ruby_p.psarc
Kaiser Chiefs,I Predict A Riot,Kaiser Chiefs - I Predict A Riot_p.psarc
Avril Lavigne,Complicated,Avril Lavigne - Complicated_p.psarc
Jet,Are You Gonna Be My Girl,Jet - Are You Gonna Be My Girl_p.psarc
Europe,The Final Countdown,Europe - The Final Countdown_p.psarc
Winger,Seventeen,Winger - Seventeen_p.psarc
Cheap Trick,Surrender,Cheap Trick - Surrender_p.psarc
Thin Lizzy,The Boys Are Back In Town,Thin Lizzy - The Boys Are Back In Town_p.psarc
Wolfmother,Woman,Wolfmother - Woman_p.psarc
The Animals,House of the Rising Sun,The Animals - House of the Rising Sun_p.psarc
DragonForce,Through The Fire And Flames,DragonForce - Through The Fire And Flames_p.psarc
White Zombie,Thunder Kiss '65,White Zombie - Thunder Kiss '65_p.psarc
Wolfmother,Joker And The Thief,Wolfmother - Joker And The Thief_p.psarc
The Darkness,I Believe in a Thing Called Love,The Darkness - I Believe in a Thing Called Love_p.psarc
Dio,Rainbow In The Dark,Dio - Rainbow In The Dark_p.psarc
Jimmy Eat World,The Middle,Jimmy Eat World - The Middle_p.psarc
Sia,Chandelier,Sia - Chandelier_p.psarc
Tesla,Modern Day Cowboy,Tesla - Modern Day Cowboy_p.psarc
Pat Benatar,Hit Me With Your Best Shot,Pat Benatar - Hit Me With Your Best Shot_p.psarc
Steppenwolf,Born To Be Wild,Steppenwolf - Born To Be Wild_p.psarc
Paramore,Ain't It Fun,Paramore - Ain't It Fun_p.psarc
Fall Out Boy,Thnks fr th Mmrs,Fall Out Boy - Thnks fr th Mmrs_p.psarc
The Fratellis,Chelsea Dagger,The Fratellis - Chelsea Dagger_p.psarc
Paramore,Still into You,Paramore - Still into You_p.psarc
Stevie Ray Vaughan,Pride and Joy,Stevie Ray Vaughan - Pride and Joy_p.psarc
Wild Cherry,Play That Funky Music,Wild Cherry - Play That Funky Music_p.psarc
The Outfield,Your Love,The Outfield - Your Love_p.psarc
Bob Dylan,Like a Rolling Stone,Bob Dylan - Like a Rolling Stone_p.psarc
Roxette,The Look,Roxette - The Look_p.psarc
The Cardigans,Lovefool,The Cardigans - Lovefool_p.psarc
Paramore,Misery Business,Paramore - Misery Business_p.psarc
Loverboy,Working for the Weekend,Loverboy - Working for the Weekend_p.psarc
Modest Mouse,Float On,Modest Mouse - Float On_p.psarc
Foster The People,Pumped Up Kicks,Foster The People - Pumped Up Kicks_p.psarc
The Knack,My Sharona,The Knack - My Sharona_p.psarc
Extreme,More Than Words,Extreme - More Than Words_p.psarc
The Cranberries,Zombie,The Cranberries - Zombie_p.psarc
Rick Springfield,Jessie's Girl,Rick Springfield - Jessie's Girl_p.psarc
Panic! At The Disco,I Write Sins Not Tragedies,Panic! At The Disco - I Write Sins Not Tragedies_p.psarc
Survivor,Eye of the Tiger,Survivor - Eye of the Tiger_p.psarc
Night Ranger,Sister Christian,Night Ranger - Sister Christian_p.psarc
The Runaways,Cherry Bomb,The Runaways - Cherry Bomb_p.psarc
Green Day,Brain Stew,Green Day - Brain Stew_p.psarc
Black Label Society,Stillborn,Black Label Society - Stillborn_p.psarc
Twisted Sister,We're Not Gonna Take It,Twisted Sister - We're Not Gonna Take It_p.psarc
Twisted Sister,I Wanna Rock,Twisted Sister - I Wanna Rock_p.psarc
Crowded House,Don't Dream It's Over,Crowded House - Don't Dream It's Over_p.psarc
Danzig,Mother,Danzig - Mother_p.psarc
Dio,Stand Up And Shout,Dio - Stand Up And Shout_p.psarc
The Kinks,All Day and All of the Night,The Kinks - All Day and All of the Night_p.psarc
